Date,Region,Source,Ship Type,Area,Location,Pollutant,Estimated Litres
2/07/2002,Cairns,Ship,Commercial,Port,"Trinity Inlet, Cairns Harbour",Diesel,Unknown
3/07/2002,Cairns,Unknown,Recreational,Coastal Waters,"Marina Mirage, Port Douglas",Bilge,Unknown
12/07/2002,Gladstone,Ship,Unknown,Coastal Waters,SE of Double Island Point,Bilge,Unknown
22/07/2002,Brisbane,Unknown,Unknown,Coastal Waters,"Town Reach, Brisbane River",Diesel,Unknown
1/08/2002,Gold Coast,Ship,Recreational,Coastal Waters,Canal area - Benowa,Diesel,Unknown
5/08/2002,Mackay,Ship,Fishing,Port,Mackay Harbour,Diesel,Unknown
7/08/2002,Townsville,Ship,Commercial,Port,"Ross Creek, Townsville",Diesel,Unknown
12/08/2002,Brisbane,Land,N/A,Coastal Waters,Breakfast Creek,Diesel,Unknown
13/08/2002,Cairns,Ship,Recreational,Offshore,11°44.31'S; 143°05.059'E,Diesel,Unknown
15/08/2002,Townsville,Ship,Fishing,Port,"Fisherman's Wharf, Ross River",Diesel,Unknown
16/08/2002,Cairns,Ship,Commercial,Coastal Waters,"Marina Mirage, Port Douglas",Diesel,Unknown
20/08/2002,Cairns,Ship,Fishing,Port,"Evans Landing, Weipa",Diesel,Unknown
23/08/2002,Cairns,Ship,Recreational,Coastal Waters,"Marina Mirage, Port Douglas",Diesel,Unknown
25/08/2002,Brisbane,Land,N/A,Port,Fisherman Island Berth #1&2,Cotton Seed Residue,Unknown
31/08/2002,Brisbane,Ship,Recreational,Coastal Waters,"Morton Bay Boat Club, Scarborough",Bilge,Unknown
2/09/2002,Cairns,Ship,Fishing,GBR,"09°57'S;142°56'E, western side of Dungeress Reef",Diesel,Unknown
2/09/2002,Gladstone,Ship,Trading,Coastal Waters,12 nm SSE of High Peak,Bilge,Unknown
8/09/2002,Brisbane,Land,N/A,Port,"BP crude Terminal - Bulwer Island, Brisbane River",HFO,Unknown
9/09/2002,Cairns,Ship,Recreational,GBR,"Hospital Pt, Thursday Island",Diesel,Unknown
9/09/2002,Gladstone,Ship,Commercial,Port,RG Tanna Coal Terminal wharf,Hydraulic Oil,Unknown
14/09/2002,Mackay,Ship,Commercial,Coastal Waters,Shute Harbour,Bilge,Unknown
19/09/2002,Mackay,Ship,Recreational,Coastal Waters,Mackay Marina,Garbage,Unknown
28/09/2002,Gladstone,Ship,Trading,Coastal Waters,North Reef 23°10's;151°57'E,Bilge,Unknown
29/09/2002,Brisbane,Unknown,Unknown,Coastal Waters,"Saraha St Deagon, Brisbane River",Bilge,Unknown
1/10/2002,Brisbane,Unknown,Unknown,Port,"BP Products Berth, Pinkenba Reach Brisbane River",Diesel,Unknown
2/10/2002,Gladstone,Ship,Unknown,Coastal Waters,North East of Lady Musgrave Is,Bilge,Unknown
2/10/2002,Townsville,Ship,Fishing,GBR,Anzac Reef 18°43'S;147°53'E,Garbage,Unknown
7/10/2002,Brisbane,Land,N/A,Port,Fisherman Island Berth #1&2,Diesel,Unknown
8/10/2002,Mackay,Ship,Trading,GBR,22°19.25'S;151°17.7'E,Bilge,Unknown
9/10/2002,Cairns,Ship,Recreational,Coastal Waters,"Marina Mirage, Port Douglas",Diesel,Unknown
19/10/2002,Brisbane,Ship,Trading,Port,"BP Products Berth, Pinkenba Reach Brisbane River",HFO,Unknown
19/10/2002,Brisbane,Unknown,Unknown,Coastal Waters,"Gardens Point, Brisbane River",Diesel,Unknown
23/10/2002,Brisbane,Ship,Recreational,Coastal Waters,"Kiwana Boat Ramp, Sunshine Coast",Diesel,Unknown
27/10/2002,Brisbane,Unknown,Unknown,Port,Caltex Fisherman Island Wharf,Diesel,Unknown
31/10/2002,Brisbane,Ship,Recreational,Coastal Waters,"Docksde Marina, Brisbane River",Bilge,Unknown
8/11/2002,Mackay,Ship,Recreational,GBR,"Tounge Bay, Whitsunday Island",Diesel,Unknown
11/11/2002,Gladstone,Ship,Recreational,Coastal Waters,"Tin Can Bay, Boat Ramp at Norman Point",Bilge,Unknown
13/11/2002,Brisbane,Ship,Recreational,Coastal Waters,"Scarborough Marina, MBBC",Diesel,Unknown
14/11/2002,Cairns,Ship,Recreational,Coastal Waters,Main Beach Thursday Island,Diesel,Unknown
18/11/2002,Mackay,Ship,Commercial,Coastal Waters,Shute Harbour,Bilge,Unknown
2/12/2002,Cairns,Ship,Commercial,GBR,vicinity of Three Isles,Diesel,Unknown
10/12/2002,Brisbane,Land,N/A,Port,Caltex Products Wharf - Lyton,HFO,Unknown
10/12/2002,Cairns,Ship,Unknown,Coastal Waters,smith's creek,Diesel,Unknown
18/12/2002,Brisbane,Unknown,Unknown,Coastal Waters,Wellington Point,Paint,Unknown
21/12/2002,Brisbane,Ship,Recreational,Coastal Waters,"Scarborough Marina, MBBC",Diesel,Unknown
17/01/2003,Cairns,Ship,Recreational,Coastal Waters,"Port Douglas, Dickson Inlet",Diesel,Unknown
1/02/2003,Gladstone,Ship,Recreational,Port,Gladstone Marina,Diesel,Unknown
2/02/2003,Gladstone,Ship,Recreational,Port,Gladstone Marina,Diesel,Unknown
5/02/2003,Cairns,Ship,Unknown,Coastal Waters,"Endeavour River, Cooktown",Diesel,Unknown
6/02/2003,Mackay,Ship,Trading,GBR,hydrographers passage,Bilge,Unknown
11/02/2003,Mackay,Ship,Fishing,Coastal Waters,Abel Point Marina,Bilge,Unknown
12/02/2003,Cairns,Land,N/A,Coastal Waters,"swampy creek, lakeland down",Tar,Unknown
12/02/2003,Mackay,Ship,Trading,Coastal Waters,65 nm ENE of Gladstone,Bilge,Unknown
19/02/2003,Brisbane,Ship,Trading,Port,Fisherman Island Berth #1&2,HFO,Unknown
20/02/2003,Brisbane,Unknown,Unknown,Port,"QCL - Bp Products Berth, Brisbane River",Diesel,Unknown
22/02/2003,Brisbane,Ship,Fishing,Port,Doboy Creek,Diesel,Unknown
24/02/2003,Mackay,Ship,Fishing,Coastal Waters,Mackay Marina,Diesel,Unknown
26/02/2003,Cairns,Ship,Commercial,Port,Cairns Inlet,Diesel,Unknown
27/02/2003,Brisbane,Ship,Unknown,Port,NW3 - NW8 North West Channel Moreton Bay,Diesel,Unknown
4/03/2003,Cairns,Unknown,Unknown,Port,cairns inlet,Diesel,Unknown
12/03/2003,Brisbane,Land,N/A,Port,Caltex Wharf - Brisbane River,Bilge,Unknown
12/03/2003,Brisbane,Ship,Tanker,Port,"Shell Wharf, Brisbane River",HFO,Unknown
12/03/2003,Mackay,Ship,Fishing,Coastal Waters,Mackay Marina,Diesel,Unknown
14/03/2003,Brisbane,Unknown,Unknown,Coastal Waters,"Riverside Centre, Brisbane River",Diesel,Unknown
17/03/2003,Brisbane,Land,N/A,Port,"Hamilton Reach, Brisbane River",Bilge,Unknown
18/03/2003,Brisbane,Land,N/A,Port,Lytton - Quaritine Flats Reach,HFO,Unknown
24/03/2003,Brisbane,Unknown,Unknown,Port,E1 and E3 Eastern Channel - moreton bay,Diesel,Unknown
27/03/2003,Brisbane,Land,N/A,Port,Maritime Berths 1&2,Tallo,Unknown
17/04/2003,Mackay,Ship,Unknown,GBR,10.5 nm NE Wigton Is - Whitsunday's,Diesel,Unknown
27/04/2003,Cairns,Ship,Fishing,Offshore,Turu Cay - 09°49'S; 141°26'E,Diesel,Unknown
28/04/2003,Brisbane,Land,N/A,Port,Pinkenba,Petrol,Unknown
29/04/2003,Gladstone,Ship,Commercial,Coastal Waters,Rosslyn Bay Boat Harbour,Diesel,Unknown
6/05/2003,Brisbane,Ship,Recreational,Coastal Waters,"Moreton Bay Boat Club, Scarborough Harbour",Diesel,Unknown
10/05/2003,Mackay,Unknown,Unknown,GBR,Apostle Bay/Tongue Point - Whitsundays,Diesel,Unknown
11/05/2003,Mackay,Ship,Recreational,GBR,Sawmill Bay - 20°15'S; 148°56'E,Diesel,Unknown
14/05/2003,Cairns,Ship,Unknown,Coastal Waters,Thursday Island Boat Harbour,Diesel,Unknown
26/05/2003,Cairns,Ship,Unknown,Coastal Waters,"Marina Mirage, Port Douglas",Diesel,Unknown
27/05/2003,Cairns,Ship,,Coastal Waters,Thursday Island Boat Harbour,Diesel,Unknown
28/05/2003,Brisbane,Land,N/A,Coastal Waters,southbank,Diesel,Unknown
28/05/2003,Brisbane,Land,N/A,Port,caltex crude berth - fisherman island,Diesel,Unknown
29/05/2003,Cairns,Ship,Unknown,Coastal Waters,Thursday Island Boat Harbour,Diesel,Unknown
30/05/2003,Cairns,Ship,Commercial,Port,Humbug Wharf - Weipa,Bilge,Unknown
31/05/2003,Brisbane,Ship,Trading,Port,Maritime Berths 1&2,HFO,Unknown
31/05/2003,Brisbane,Ship,Fishing,Port,"Raptis Wharf Colmslie, Brisbane River",Diesel,Unknown
25/06/2003,Brisbane,Unknown,Unknown,Coastal Waters,"Bulimba Reach, Brisbane River",Diesel,Unknown
4/07/2003,Brisbane,Unknown,Unknown,Port,"Cabbage Tree Creek, Brisbane",Sheen,Unknown
11/07/2003,Mackay,Ship,Fishing,Port,"Mackay Marina, Mackay",Diesel,Unknown
26/07/2003,Brisbane,Unknown,Unknown,Coastal,"East Brisbane Reach, Brisbane River",Sheen,Unknown
4/08/2003,Gladstone,Ship,Fishing,Coastal,Rosslyn Bay Boat Harbour,Diesel,Unknown
9/08/2003,Brisbane,Unknown,Unknown,Port,"Hemmant Barge Landing, Brisbane River",Sheen,Unknown
23/08/2003,Brisbane,Ship,Unknown,Port,Moreton Bay,Sheen,Unknown
10/09/2003,Brisbane,Ship,Trading,Port,"Fishermans Islands Coal Berth, Brisbane River",Hydraulic,Unknown
10/09/2003,Gladstone,Ship,Commercial,Port,"Fishermans  Landing, Gladstone",Hydraulic,Unknown
11/09/2003,Cairns,Ship,Defence,Port,Thursday Island,Diesel,Unknown
12/09/2003,Cairns,Ship,Recreational,Port,"Marlin Marina, Cairns",Bilge,Unknown
12/09/2003,Cairns,Ship,Unknown,Port,"Trinity Inlet, Cairns",Sheen,Unknown
23/09/2003,Brisbane,Unknown,Unknown,Port,"Fishermans Islands, Brisbane River",Sheen,Unknown
4/10/2003,Mackay,Ship,Commercial,Coastal,Shute Harbour,Sheen,Unknown
6/10/2003,Cairns,Ship,Unknown,Port,"Marlin Marina, Cairns",Diesel,Unknown
7/10/2003,Brisbane,Ship,Recreational,Port,"Newport Waterways, Scarborough",Sheen,Unknown
10/10/2003,Brisbane,Ship,Unknown,Port,"Scarbrogh Harbour, Brisbane",Sheen,Unknown
13/10/2003,Cairns,Ship,Unknown,Coastal,Port Douglas,Diesel,Unknown
16/10/2003,Cairns,Ship,Unknown,Coastal,Port Douglas,Bilge,Unknown
17/10/2003,Cairns,Ship,Trading,Coastal,"Flinders Group, Princess Charlote Bay FNQ",Fuel Oil,Unknown
24/10/2003,Brisbane,Ship,Defence,Port,"Maritime #1 Wharf, Brisbane River",Diesel,Unknown
28/10/2003,Brisbane,Ship,Oil Tanker,Port,"BP Refinery Wharf, Brisbane River",Crude,Unknown
29/10/2003,Mackay,Ship,Recreational,Coastal,Shute Harbour,Sheen,Unknown
30/10/2003,Cairns,Ship,Trading,Port,"Lorim Point, Weipa",Hydraulic,Unknown
8/11/2003,Brisbane,Ship,Commercial,Port,"Spitfire Channel, Moreton Bay",Hydraulic,Unknown
14/11/2003,Cairns,Ship,Recreational,Coastal,Port Douglas,Diesel,Unknown
16/11/2003,Cairns,Ship,Trading,Coastal,"Chillie Beach, Cape Weymouth, FNQ",Bilge,Unknown
18/11/2003,Brisbane,Ship,Oil Tanker,Port,"STS1 Anchorage, Moreton Bay",Bilge,Unknown
20/11/2003,Townsville,Land,N/A,Port,"Shell Terminal, Berth 1, Townsville",Fuel Oil,Unknown
23/11/2003,Brisbane,Unknown,Unknown,Coastal,"Mooloola River, Sunshine Coast",Sheen,Unknown
4/12/2003,Mackay,Ship,Recreational,Port,"Mackay Marina, Mackay",Diesel,Unknown
5/12/2003,Brisbane,Land,N/A,Coastal,"East Brisbane Reach, Brisbane River",Sheen,Unknown
7/12/2003,Brisbane,Ship,Trading,Port,Fishermans Islands Brisbane River,Hydraulic,Unknown
7/12/2003,Gladstone,Ship,Fishing,Offshore,"Hoskyn Island, Capricorn Bunker Group",Diesel,Unknown
9/12/2003,Cairns,Unknown,Unknown,Port,"Smiths Creek, Cairns",Sheen,Unknown
11/12/2003,Cairns,Unknown,Unknown,Port,"Firewood Creek, Cairns",Sheen,Unknown
12/12/2003,Cairns,Unknown,Unknown,Port,Thursday Island,Sheen,Unknown
17/12/2003,Brisbane,Ship,Oil Tanker,Port,"Brisbane Roads Anchorage, Moreton Bay",Hydraulic,Unknown
17/12/2003,Cairns,Ship,Fishing,Port,Evans Landing Weipa,Diesel,Unknown
17/12/2003,Cairns,Land,N/A,Port,Thursday Island,Sheen,Unknown
18/12/2003,Cairns,Land,N/A,Port,Horn Island Cargo Facility,Diesel,Unknown
22/12/2003,Mackay,Ship,Commercial,Coastal,"Mackay Marina, Mackay",Bilge,Unknown
26/12/2003,Brisbane,Ship,Commercial,Port,"Caincross Fitting out Wharf, Brisbane River",Hydraulic,Unknown
26/12/2003,Brisbane,Ship,Recreational,Coastal,"Caloundra Head, Sunshine Coast",Diesel,Unknown
27/12/2003,Cairns,Ship,Recreational,Coastal,"Half Moon Bay Marina, Cairns",Diesel,Unknown
9/01/2004,Cairns,Ship,Fishing,Port,"Firewood Creek, Cairns",Sheen,Unknown
11/01/2004,Brisbane,Unknown,Unknown,Coastal,"Newport Waterways, Scarborough",Sheen,Unknown
12/01/2004,Mackay,Ship,Commercial,Coastal,"Able Point Marina, Whitsunday",Bilge,Unknown
12/01/2004,Townsville,Ship,Trading,Coastal,"Queens Beach, Bowen",Bilge,Unknown
13/01/2004,Mackay,Ship,Trading,Coastal,"Hook Island, Whitsundays",Bilge,Unknown
15/01/2004,Mackay,Ship,Commercial,Coastal,"Able Point Marina, Whitsunday",Bilge,Unknown
16/01/2004,Brisbane,Unknown,Unknown,Port,"Bulimba Reach, Brisbane River",Sheen,Unknown
21/01/2004,Cairns,Ship,Trading,Port,"Tropical Reef Slipway, Trinity Inlet, Cairns",Diesel,Unknown
4/02/2004,Brisbane,Unknown,Unknown,Coastal,"Minyama Canals, Sunshine Coast",Diesel,Unknown
8/02/2004,Brisbane,Ship,Recreational,Port,"Newport Waterways, Scarborough",Bilge,Unknown
12/02/2004,Cairns,Ship,Trading,Coastal,Western entrance to Torres Strait,Bilge,Unknown
13/02/2004,Mackay,Unknown,Unknown,Port,"Mackay Marina, Mackay",Bilge,Unknown
14/02/2004,Brisbane,Ship,Commercial,Port,"Fishermans Islands, No 3, Moreton Bay",Diesel,Unknown
25/02/2004,Brisbane,Ship,Fishing,Port,"Bar Cutting, Moreton Bay",Sheen,Unknown
27/02/2004,Cairns,Unknown,Unknown,Port,"Wharf 6, Trinity Inlet, Cairns",Sheen,Unknown
2/04/2004,Brisbane,Aircraft,Helicopter,Port,"Kedron Brook Floodway, Brisbane",Avgas,Unknown
3/04/2004,Brisbane,Ship,Fishing,Coastal,"Newport Waterways, Scarborough",Diesel,Unknown
5/04/2004,Brisbane,Ship,Trading,Port,"Caltex, Fishermans Islands Berth",Sheen,Unknown
11/04/2004,Cairns,Ship,Recreational,Port,Thursday Island,Diesel,Unknown
12/04/2004,Brisbane,Ship,Recreational,Coastal,"Newport Waterways, Scarborough",Paint Dust,Unknown
15/04/2004,Brisbane,Unknown,Unknown,Coastal,"Barralong Canal, Buddina",Chemical,Unknown
18/04/2004,Cairns,Ship,Unknown,Port,"Main Wharf, Thursday Island",Sheen,Unknown
5/05/2004,Cairns,Land,Defence,Port,"Trinity Inlet, Cairns",Diesel,Unknown
16/05/2004,Mackay,Ship,Unknown,Coastal,"Blue Pearl Bay, Hayman Island, Whitsundays",Diesel,Unknown
19/05/2004,Brisbane,Ship,Unknown,Port,"Cabbage Tree Creek, Brisbane",Sheen,Unknown
19/05/2004,Cairns,Ship,Fishing,Port,Thursday Island,Diesel,Unknown
21/05/2004,Brisbane,Ship,Recreational,Port,"Manly Marine, Brisbane",Diesel,Unknown
22/05/2004,Brisbane,Ship,Unknown,Port,"Lytton Reach, Brisbane River",Sheen,Unknown
22/05/2004,Cairns,Land,Unknown,Port,"Trinity Inlet, Cairns",Sheen,Unknown
24/05/2004,Brisbane,Ship,Fishing,Port,Gladstone Marina,Diesel,Unknown
24/05/2004,Gladstone,Ship,Fishing,Port,Gladstone Marina,Bilge,Unknown
25/05/2004,Brisbane,Ship,Unknown,Coastal,"Shaftston Reach, Brisbane River",Bilge,Unknown
27/05/2004,Cairns,Ship,Commercial,Port,Thursday Island,Bilge,Unknown
4/06/2004,Cairns,Unknown,Unknown,Port,"Trinity Inlet, Cairns",Diesel,Unknown
7/06/2004,Cairns,Unknown,Unknown,Port,"Trinity Inlet, Cairns",Diesel,Unknown
10/06/2004,Brisbane,Unknown,Unknown,Port,"Cabbage Tree Creek, Brisbane",Sheen,Unknown
10/06/2004,Cairns,Ship,Unknown,Port,Thursday Island,Bilge,Unknown
14/06/2004,Brisbane,Land,N/A,Port,"Caltex, Fishermans Islands Berth",Fuel Oil,Unknown
2/07/2004,Brisbane,Ship,Commercial,Coastal Waters,"Brisbane River, Eagle St Pier",Sheen,Unknown
27/07/2004,Cairns,Ship,Commercial,Port,"Between D Finger CFB 1 & TR slipway, Trinity Inlet/ Smiths Creek",Bilge,20
29/07/2004,Cairns,Unknown,Unknown,Port,From Sinrab Point to Wharf 7,Sheen,50
29/07/2004,Mackay,Unknown,Unknown,GBRMP,"Tongue Bay, Whitsunday Island",Unknown,Unknown
30/07/2004,Brisbane,Helicopter,n/a,Coastal Waters,"Helicopter Pontoon, South Bank Reach",Avgas,Unknown
30/07/2004,Cairns,Ship,Fishing,Port,D Finger Commercial Fishermans Base #1,Bilge,5
8/08/2004,Cairns,Ship,Trading,GBRMP,Fairway Channel near Pipin Reef,Sheen,Unknown
9/08/2004,Cairns,Ship,Unknown,Port,E. Finger Marlin Marina,Diesel,15
16/08/2004,Cairns,Land,Fishing,Port,"Main Wharf, Thursday Island",Sheen,6
16/08/2004,Mackay,Ship,Trading,GBRMP,5 nm NE High Peak Island,Bilge,Unknown
17/08/2004,Gladstone,Unknown,Unknown,GBRMP,Great Keppel Island,Bilge,Unknown
24/08/2004,Cairns,Ship,Commercial,Port,Thursday Island Harbour,Sheen,Unknown
24/08/2004,Cairns,Ship,Defence,Port,HMAS Cairns base form HMAS Ipswich,Diesel,2
2/09/2004,Brisbane,Land,n/a,Coastal Waters,Storm water drain between North Key and William Jolly Bridge,Other,Unknown
7/09/2004,Brisbane,Ship,Commercial,Port,"Raptis Wharf, Brisbane River",Other,40
9/09/2004,Cairns,Unknown,Unknown,Port,Between #10 South Dolphin and naval base,Sheen,5
18/09/2004,Brisbane,Ship,Recreational,Port,"112 Quay St, Bulimba, Brisbane River",Diesel,5
28/09/2004,Brisbane,Unknown,Unknown,Coastal Waters,"Mooloolah River, Mooloolaba",Diesel,Unknown
28/09/2004,Cairns,Ship,Recreational,Port,Sail Fish Quay Marlin Marina,Bilge,60
29/09/2004,Townsville,Ship,Unknown,Coastal Waters,"Rowes Bay, Bowen",HFO,Unknown
3/10/2004,Mackay,Ship,Recreational,GBRMP,1 km East of Whitsunday Isl Craig,Sheen,Unknown
4/10/2004,Brisbane,Ship,Fishing,Port,Outside area of Scarborough Harbour,Bilge,Unknown
6/10/2004,Cairns,Ship,Commercial,Port,"Between D Finger CFB 1 and Tropical Reef slipway, Trinity Inlet/ Smiths Creek",Bilge,40
7/10/2004,Brisbane,Unknown,Unknown,Port,Whyte Island Tug Base,Unknown,Unknown
10/10/2004,Brisbane,Land,n/a,Coastal Waters,"Golden Beach, Pumicestone Passage",Diesel,Unknown
12/10/2004,Brisbane,Land,n/a,Port,Fisherman Is #3 berth,Diesel,100
18/10/2004,Brisbane,Land,n/a,Coastal Waters,"Diet Park ferry terminal, St Lucia",Other,Unknown
18/10/2004,Brisbane,Unknown,Unknown,Port,"Brisbane River, mouth of Dobey Creek",Diesel,Unknown
19/10/2004,At Sea,Ship,Trading,Territorial Sea,"31 miles to sea, ESE from Pt Lookout, bearing 115",Other,Unknown
21/10/2004,Mackay,Ship,Commercial,GBRMP,"Centenary Cay, Swains Reef",Diesel,Unknown
22/10/2004,Brisbane,Ship,Trading,Port,Fishermans Islands Berth 7,Bilge,500
24/10/2004,Mackay,Ship,Unknown,Port,Mackay Marina,Diesel,Unknown
27/10/2004,Brisbane,Unknown,Unknown,Coastal Waters,Scarborough Harbour,Bilge,Unknown
31/10/2004,Brisbane,Ship,Trading,Port,"Brisbane River, Pikenba no 2 berth",Other,Unknown
31/10/2004,Brisbane,Unknown,Unknown,Port,"Moreton Bay, Woody Point, adj Woodcliffe Cres",Other,Unknown
1/11/2004,Townsville,Ship,Fishing,Port,South Townsville,Diesel,Unknown
5/11/2004,Brisbane,Ship,Commercial,Coastal Waters,"Public boat ramp, Kings Beach, Caloundra",Diesel,Unknown
6/11/2004,Brisbane,Unknown,Unknown,Port,"Bulimba Reach, Teneriffe, Brisbane River",Other,Unknown
15/11/2004,Brisbane,Unknown,Unknown,Coastal Waters,Manly Boat Harbour ,Sheen,Unknown
17/11/2004,Brisbane,Unknown,Unknown,Port,Bretts Wharf to Breakfast Creek,Diesel,Unknown
19/11/2004,Gladstone,Ship,Fishing,Port,"2 cables SSE of Turtle Island, Gladstone Harbour",Diesel,Unknown
20/11/2004,Brisbane,Ship,Recreational,Coastal Waters,"Wood canal, Aquatic Paradise, Birkdale",Diesel,Unknown
21/11/2004,Mackay,Ship,Trading,Port,Hay Point Anchorage,Bilge,Unknown
23/11/2004,Brisbane,Unknown,Unknown,Coastal Waters,"Gardens Pt moorings, Town Reach, Brisbane River ",Sheen,Unknown
6/12/2004,Brisbane,Ship,Recreational,Coastal Waters,"1 mile, Stradbroke Island",Other,Unknown
9/12/2004,Mackay,Ship,Recreational,GBRMP,Repulse Bay leading into Laguna Quays marina,Sheen,Unknown
25/12/2004,Brisbane,Unknown,Unknown,Port,"Brisbane River, Bulimba Reach- Bartons Rd, Hawthorne",Sheen,Unknown
26/12/2004,Townsville,Ship,Trading,GBRMP,Palm Passage,HFO,Unknown
29/12/2004,Cairns,Ship,Fishing,Port,Trinity Petroleum Fuel Berth,Sheen,300
31/01/2005,Brisbane,Unknown,Unknown,Coastal Waters,"Weinam Creek, Redland Bay (near old water taxi terminal)",Diesel,50
1/02/2005,Brisbane,Land,n/a,Coastal Waters,"Storm Water Drain into Brisbane River, New Farm (100m upstream Merthyr Rd)",Other,Unknown
1/02/2005,Townsville,Unknown,Unknown,Port,"Ross Creek, adjacent to Motor Boat Club, Tomlin St",Sheen,Unknown
3/02/2005,Brisbane,Ship,Recreational,Coastal Waters,"Raby Bay Marina, Endeavour Canal, Raby Bay",Sheen,Unknown
9/02/2005,Brisbane,Unknown,Unknown,Coastal Waters,"Stanford Plaza, Downstream from Botanical Gardens",Sheen,Unknown
19/02/2005,Brisbane,Unknown,Unknown,Port,"Bulimba Reach, Brisbane River",Sheen,Unknown
24/02/2005,Brisbane,Land,n/a,Port,"Boat Passabe , Whyte Island, Brisbane River",Sheen,Unknown
24/02/2005,Brisbane,Unknown,Unknown,Coastal Waters,Mooloolaba Boat Harbour,Diesel,Unknown
24/02/2005,Cairns,Ship,Customs,Port,"Main Wharf, Thursday Island",Diesel,300
25/02/2005,Cairns,Ship,Trading,GBRMP," Inner Route, North of Cairns",Bilge,Unknown
7/03/2005,Cairns,Land,n/a,Coastal Waters,"Badu Island, Torres Strait",Diesel,Unknown
9/03/2005,Brisbane,Ship,Recreational,Coastal Waters,"Newport Waterways Marina, Scarborough",Bilge,
30/03/2005,Brisbane,Unknown,Unknown,Coastal Waters,"Cabbage Tree Creek, Sandgate",Sheen,Unknown
30/03/2005,Cairns,Ship,Fishing,Port,"Trinity Inlet, Cairns - betwenCoconut Slipway & Redbank Ck",Diesel,10
1/04/2005,Cairns,Unknown,Unknown,Port,"Commercial Fishermans Base 2, Smiths Creek, Cairns",Diesel,5
11/04/2005,Brisbane,Land,n/a,Port,"Caincross Bockyard, Brisbane River",Bilge,40
14/04/2005,Brisbane,Unknown,Unknown,Port,Fishermans Islands #3,Sheen,Unknown
16/04/2005,Brisbane,Unknown,Unknown,Port,"Caincross Dockyard, Brisbane River",Sheen,Unknown
19/04/2005,Cairns,Ship,Defence,Port,HMAS Cairns base form HMAS Ipswich,Diesel,100
22/04/2005,Brisbane,Unknown,Unknown,Coastal Waters,"Browns Slipway, Nooloola River",Sheen,Unknown
4/05/2005,Mackay,Ship,Recreational,Coastal Waters,"Marble Island, Duke Group",Diesel,2000
5/05/2005,Cairns,Ship,Unknown,Port,Thursday Island Harbour,Sheen,Unknown
11/05/2005,Brisbane,Unknown,Unknown,Port,"Cabbage Tree Creek, Sandgate",Diesel,Unknown
20/05/2005,Cairns,Ship,Unknown,Port,"Marlin Marina, Cairns",Bilge,Unknown
20/05/2005,Cairns,Unknown,Unknown,Coastal Waters,Port Douglas,Sheen,Unknown
2/06/2005,Brisbane,Unknown,Unknown,Port,"Cabbage Tree Creek, Sandgate",Sheen,Unknown
15/06/2005,Brisbane,Unknown,Unknown,Coastal Waters,"Petrie Bight, Brisbane River",Sheen,Unknown
20/06/2005,Brisbane,Unknown,Unknown,Port,Scarborough Harbour,Sheen,Unknown
29/06/2005,Brisbane,Land,Unknown,Port,"Fishermans Islands, Brisbane",Diesel,Unknown
17/07/2005,Cairns,Ship,Commercial,Port,Thursday Island Harbour,Diesel,180
10/08/2005,Cairns,Unknown,Unknown,Port,Marlin Marina Cairns,Fatty Substance,Unknown
16/08/2005,Brisbane,Ship,Recreational,Coastal Waters,Scarbrough Boat Harbour,Lubricating Oil,Unknown
24/08/2005,Gladstone,Ship,Commercial,Port,Gladstone Harbour,Diesel,Unknown
25/08/2005,Cairns,Ship,Commercial,Port,"Smiths Creek, Cairns",Bilge,Unknown
31/08/2005,Cairns,Ship,Commercial,Port,Thursday Island Main Wharf,Diesel,Unknown
21/09/2005,Cairns,Unknown,Unknown,Coastal Waters,"Marina Mirage, Port Douglas",Diesel,Unknown
22/09/2005,Mackay,Unknown,Unknown,Port,Mackay Marina,Diesel,5
6/10/2005,Cairns,Ship,Recreational,Coastal Waters,"Marina Mirage, Port Douglas",Diesel,Unknown
6/10/2005,Cairns,Ship,Commercial,Port,"No. 4 Wharf, Cairns",Bilge,5
7/10/2005,Cairns,Ship,Unknown,Coastal Waters,"Marina Mirage, Port Douglas",Bilge,Unknown
10/10/2005,Cairns,Ship,Recreational,Port,Mourilyan Harbour,Diesel,Unknown
10/10/2005,Townsville,Ship,Commercial,Port,"Berth 10, Townsville Harbour",HFO,Unknown
11/10/2005,Cairns,Unknown,Unknown,Port,Thursday Island Harbour,Diesel,Unknown
15/10/2005,Brisbane,Unknown,Unknown,Port,"Shaftston Reach, Brisbane River",Diesel,Unknown
20/10/2005,Cairns,Unknown,Unknown,Port,"Smiths Creek, Cairns",Bilge,20
23/10/2005,Gladstone,Ship,Recreational,Coastal Waters,"Fitzroy River, Rockhampton",Diesel,Unknown
28/10/2005,Cairns,Ship,Unknown,Port,"Marina Mirage, Port Douglas",Bilge,Unknown
28/10/2005,Cairns,Ship,Fishing,Coastal Waters,"Mulgrave River, Deeral",Bilge,Unknown
7/11/2005,Cairns,Ship,Commercial,Coastal Waters,Armistice Reef,Bilge,Unknown
8/11/2005,Cairns,Unknown,Unknown,Port,Marlin Marina Cairns,Sheen,Unknown
14/11/2005,Cairns,Unknown,Unknown,Port,Marlin Marina Cairns,Diesel,10
4/12/2005,Cairns,Unknown,Unknown,Coastal Waters,"Marina Mirage, Port Douglas",Diesel,Unknown
7/12/2005,Cairns,Unknown,Unknown,Port,"Commercial Fishermans Base 2, Smiths Creek, Cairns",Sheen,Unknown
31/12/2005,Cairns,Ship,Recreational,Coastal Waters,"Marina Mirage, Port Douglas",Petrol,Unknown
16/01/2006,Gladstone,Ship,Commercial,Port,Bunker oil spill from Larcom in Gladstone,HFO,1000
20/01/2006,Gladstone,Ship,Fishing,Territorial Sea,Fire on trawler 28nm NNE Cape Capricorn,Diesel,3000
6/03/2006,Cairns,Ship,Commercial,Coastal Waters,"Marina Mirage, Port Douglas",Diesel,Unknown
31/03/2006,Cairns,Unknown,Unknown,Port,"Commercial Fishermans Base 2, Smiths Creek, Cairns",Bilge,20
13/04/2006,Cairns,Ship,Recreational,Port,"Marlin Marina, Cairns",Bilge,20
23/04/2006,Townsville,Land,N/A,Port,Berth 4 Townsville - Road tanker refuelling ship,Diesel,200
26/04/2006,Mackay,Ship,Recreational,Coastal Waters,"Pioneer Bay, Airlie Beach",Sheen,Unknown
2/05/2006,Mackay,Ship,Commercial,Port,Hay Point Anchorage,Hydraulic Oil,30
30/05/2006,Cairns,Ship,Recreational,Coastal Waters,"Marina Mirage, Port Douglas",Diesel,5
5/06/2006,Townsville,Ship,N/A - Museum Piece,Port,Reef HQ Wharf Townsville - vessel sunk at wharf,Diesel,50
20/06/2006,Townsville,Land,N/A,Port,"Townsville Harbour Berths 4,6,and 7 -  from stormwater",Diesel,Unknown
27/06/2006,Gold Coast,Ship,Commercial,Coastal Waters,Gold Coast City Marina - vessel sunk at marina berth,Lubricating Oil,75
9/07/2006,Mackay,Unknown,N/A,Port,Mackay Marina,Sheen,1
8/08/2006,Cairns,Unknown,N/A,Coastal Waters,"Mirana Mirage, Port Douglas",Diesel,Unknown
12/08/2006,Cairns,Ship,Trading,Coastal Waters,Near Hope Island,Bilge,Unknown
12/08/2006,Gladstone,Ship,Fishing,Coastal Waters,Rosslyn Bay Boat Harbour - FV Kerry K,Diesel,Unknown
17/08/2006,Gladstone,Ship,Trading,Port,"Fishermans Landing  No.2, Gladstone",Other - Lube ,25
25/08/2006,Cairns,Ship,Unknown,Coastal Waters,Offshore from Port Douglas,Unknown,Unknown
25/08/2006,Cairns,Ship,Trading,Territorial Sea,40 miles SW of Prince of Wales Island,Sheen,Unknown
4/09/2006,Gladstone,Ship,Fishing,Port,Gladstone Marina,Diesel,Unknown
9/09/2006,Townsville,Ship,Commercial,Port,Townsville harbour berth 6,Diesel,Unknown
30/09/2006,Gold Coast,Ship,Recreation,Coastal Waters,"Budds Beach, Nerang River, Surfers Paradice",Diesel,Unknown
11/10/2006,Townsville,Land,N/A,Port,Townsville harbour berthS 8 & 9,HFO,Unknown
13/10/2006,Brisbane,Unknown,Unknown,Coastal Waters,Mooloolaba Boat Harbour,Sheen,Unknown
23/10/2006,Cairns,Ship,Unknown,Coastal Waters,"Noahs Beach, Cape Tribulation",Bilge,Unknown
8/11/2006,Gladstone,Ship,Trading,Port,"South Trees Wharf, Gladstone",Bilge,Unknown
14/11/2006,Townsville,Land,N/A,Port,"Queensland Nickel Pipeline, Civic Theatre and drain",HFO,Unknown
16/11/2006,Cairns,Unknown,Unknown,Port,"Marlin Marina, Trinity Inlet, Cairns",Diesel,Unknown
2/12/2006,Cairns,Ship,Recreation,Port,"Marlin Marina, Trinity Inlet, Cairns",Other - Lube,Unknown
8/12/2006,Cairns,Ship,Commercial,Coastal Waters,"Marina Mirage, Port Douglas",Diesel,Unknown
12/12/2006,Cairns,Ship,Commercial,Coastal Waters,"4nm east of Double Island, Cairns",Bilge,Unknown
15/12/2006,Gladstone,Ship,Fishing,Territorial Sea,17m ENE od Baffle Creek,Diesel,Unknown
17/12/2006,Brisbane,Unknown,Unknown,Coastal Waters,Mooloolaba Boat Harbour,Diesel,Unknown
20/12/2006,Brisbane,Ship,Recreation,Coastal Waters,"Lawries Marina, Mooloolaba",Sheen,Unknown
27/12/2006,Brisbane,Unknown,Unknown,Coastal Waters,Mooloolaba Boat Harbour,Diesel,Unknown
1/01/2007,Cairns,Ship,Trading,Port,"Lorim Point, Weipa",Other - Hyd,Unknown
10/01/2007,Brisbane,Unknown,Unknown,Coastal Waters,"Petrie Bight, Brisbane River",Sheen,Unknown
14/01/2007,Gladstone,Ship,Commercial,Port,Gladstone Marina,Other - Gearbox,Unknown
15/01/2007,Gladstone,Unknown,Unknown,Port,"South Trees Wharf, Gladstone",Sheen,Unknown
22/01/2007,Brisbane,Ship,Recreation,Coastal Waters,Mooloolaba Boat Harbour,Sheen,Unknown
30/01/2007,Brisbane,Unknown,Unknown,Port,"Maritime 2, Hamilton Reach, Brisbane River",Diesel,Unknown
8/02/2007,Brisbane,Ship,Recreation,Coastal Waters,"Raby Bay Marina, Brisbane",Diesel,Unknown
11/02/2007,Mackay,Ship,Trading,Coastal Waters,2nm East of Hay Point,Sheen,Unknown
16/02/2007,Mackay,Ship,Trading,Coastal Waters,Deadman Island off Cape Palmerston,Bilge,Unknown
17/02/2007,Gladstone,Ship,Recreation,Coastal Waters,"Long Beach, Zitzie - North of Gladstone",Diesel,Unknown
19/02/2007,Townsville,Ship,Commercial,Coastal Waters,Cardwell,Diesel,Unknown
3/03/2007,Mackay,Ship,Commercial,Port,Mackay Marina,Diesel,50
5/03/2007,Brisbane,Unknown,Unknown,Coastal Waters,"Browns Wharf, Mooloolaba",Sheen,Unknown
6/03/2007,Brisbane,Unknown,Unknown,Coastal Waters,Mooloolaba Boat Harbour,Diesel,
9/03/2007,Townsville,Ship,Fishing,Territorial Sea,17nm East of Magnetic Island - sunken trawler,Diesel,Unknown
12/03/2007,Brisbane,Ship,Commercial,Coastal Waters,Mooloolaba Boat Harbour,Other - Hydraulic,15
13/03/2007,Brisbane,Ship,Fishing,Coastal Waters,Mooloolaba Boat Harbour,Diesel,3
22/03/2007,Brisbane,Unknown,Unknown,Coastal Waters,Manly Marina,Sheen,Unknown
27/03/2007,Brisbane,Ship,Recreation,Coastal Waters,Redland Bay esplanade,Other,Unknown
28/04/2007,Brisbane,Unknown,Unknown,Coastal Waters,"Dockside Marina, Brisbane River",Diesel,Unknown
1/05/2007,Cairns,Ship,Commercial,Coastal Waters,"Marina Mirage, Port Douglas",Diesel,50
2/05/2007,Brisbane,Unknown,Unknown,Coastal Waters,Mooloolaba Boat Harbour,Other,Unknown
6/05/2007,Brisbane,Ship,Recreation,Coastal Waters,"Horseshoe Bay, Peel Island",Diesel,Unknown
12/05/2007,Gold Coast,Ship,Recreation,Coastal Waters,"Paradise Point, Gold Coast",Petrol,700
13/05/2007,Brisbane,Land,N/A,Port,"Shell Terminal, Pinkenba, Brisbane River",Sheen,Unknown
16/05/2007,Brisbane,Unknown,Unknown,Port,"Fisherman Islands, Berth 8, Brisbane River",Sheen,Unknown
21/05/2007,Brisbane,Ship,Commercial,Port,"No16 beacon, Bar Cutting, Brisbane",Other - Hydraulic,7
21/05/2007,Brisbane,Unknown,Unknown,Port,"Snapper Creek, Tin Can Bay",Diesel,Unknown
23/05/2007,Brisbane,Land,N/A,Port,"Caltex Crude Berth, Fisherman Islands",Crude,0.2
26/05/2007,Mackay,Unknown,Unknown,Coastal Waters,"Abel Point Marina, Airlie Beach",Sheen,2
28/05/2007,Brisbane,Unknown,Unknown,Coastal Waters,Mooloolaba Boat Harbour,Sheen,Unknown
29/05/2007,Brisbane,Ship,Fishing,Coastal Waters,Mooloolaba Boat Harbour,Bilge,10
30/05/2007,Mackay,Ship,Commercial,Coastal Waters,"Abel Point Marina, Airlie Beach",Bilge,20
8/06/2007,Gladstone,Ship,Defence,Port,"Auckland Point, Gladstone",Diesel,20
10/07/2007,Townsville,Ship,Trading,Port,"Berth 4, Townsville Port",Diesel,200
18/07/2007,Brisbane,Unknown,Unknown,Coastal Waters,Mooloolaba Yacht Club,Diesel,Unknown
22/07/2007,Townsville,Unknown,Unknown,Port,"Ross River, Townsville",Lube Oil,30
1/08/2007,Brisbane,Unknown,Unknown,Coastal Waters,"Mooloolaba, Browns Slipway",Diesel,Unknown
10/08/2007,Gladstone,Ship,Fishing,Port,"Snapper Creek, Tin Can Bay",Diesel,200
18/08/2007,Brisbane,Ship,Trading,Port,Brisbane Cruise Ship Terminal,Diesel,3
20/08/2007,Brisbane,Unknown,Unknown,Coastal Waters,"Mooloolaba, Debretts Wharf",Diesel,1
21/08/2007,Cairns,Unknown,Unknown,Coastal Waters,Coleman River,Diesel,Unknown
25/08/2007,Mackay,Unknown,Unknown,Coastal Waters,Seaward of Hay Point,Sheen,Unknown
26/08/2007,Brisbane,Ship,Recreational,Coastal Waters,Noosa River,Diesel,Unknown
31/08/2007,Mackay,Unknown,Unknown,Coastal Waters,"Armstrong Beach, Sarina",Other,Unknown
5/09/2007,Townsville,Ship,Commercial,Coastal Waters,Orpheus Island,Diesel,200
11/09/2007,Mackay,Ship,Fishing,GBRMP,"Swain Reef, - FV Jagger sunk",Diesel,7000
12/09/2007,Mackay,Ship,Recreational,GBRMP,7.5nm NE Mackay,Petrol,40
27/09/2007,Brisbane,Ship,Recreational,Coastal Waters,Wynnum Creek,Sheen,Unknown
30/09/2007,Cairns,Ship,Trading,Coastal Waters,Turtle Cove between Cairns and Port Douglas,HFO,Unknown
30/09/2007,Gladstone,Ship,Commercial,Coastal Waters,Urangan Boat Harbour,Bilge,Unknown
8/10/2007,Cairns,Unknown,Unknown,Port,"Weipa, Lorim Point",HFO,Unknown
18/10/2007,Brisbane,Unknown,Unknown,Coastal Waters,Brisbane River Town Reach,Sheen,Unknown
24/10/2007,Cairns,Unknown,Unknown,Coastal Waters,Mission Beach,Sheen,Unknown
27/10/2007,Brisbane,Unknown,Unknown,Coastal Waters,Raby Bay Marina,Sheen,Unknown
30/10/2007,Cairns,Ship,Commercial,Coastal Waters,Mission Beach,Diesel,Unknown
1/11/2007,Cairns,Unknown,Unknown,Port,Cooktowm,Diesel,Unknown
7/11/2007,Brisbane,Ship,Recreational,Coastal Waters,Mooloolaba,Diesel,Unknown
23/11/2007,Brisbane,Land,Land,Coastal Waters,Scarbrough Harbour,Diesel,Unknown
27/11/2007,Cairns,Unknown,Unknown,Coastal Waters,"Port Douglas, Marina Mirage",Diesel,Unknown
27/11/2007,Cairns,Ship,Commercial,GBRMP,Green Island and Norman Reef,Diesel,Unknown
27/11/2007,Cairns,Unknown,Unknown,Port,"Cairns, Tropical Reef Slipway",Sheen,Unknown
6/12/2007,Cairns,Ship,Commercial,Coastal Waters,"Cairns, Mulgrave River",Diesel,Unknown
27/12/2007,Cairns,Unknown,Unknown,Coastal Waters,"Maria Creek, Silkwood",Diesel,Unknown
1/01/2008,Brisbane,Ship,Recreational,Coastal Waters,"Dockside Marine, Brisbane River",Diesel,100
14/01/2008,Mackay,Unknown,Unknown,Coastal Waters,"Pioneer River, Mackay",Sheen,Unknown
15/01/2008,Cairns,Ship,Naval,Port,"NQEA Slipway, Cairns",Diesel,10
16/01/2008,Mackay,Ship,Trading,Port,Hay Point Anchorage,Sheen,Unknown
21/01/2008,Brisbane,Ship,Recreational,Coastal Waters,Raby Bay Marina,Diesel,20
31/01/2008,Cairns,Ship,Commercial,Port,Cairns Berth 4/5,HFO,50
3/02/2008,Gladstone,Unknown,Unknown,Coastal Waters,"Hervey Bay Boat Club, Urangan",Sheen,Unknown
4/02/2008,Brisbane,Ship,Fishing,Coastal Waters,"One Mile anchorage , Stradbroke Island",Diesel,Unknown
4/02/2008,Gladstone,Ship,Fishing,Coastal Waters,Cassuarina creek,Diesel,Unknown
17/02/2008,Gladstone,Unknown,Unknown,Coastal Waters,"Snapper Creek, Tin Can Bay",Diesel,Unknown
8/03/2008,Brisbane,Ship,Fishing,Port,"Aquarium Passage, Brisbane",Diesel,5
14/03/2008,Mackay,Ship,Commercial,Coastal Waters,"Abel Point Marina, Airlie Beach",Bilge,25
19/03/2008,Cairns,Ship,Naval,Port,"HMAS Cairns, Cairns",Lube Oil,0.5
23/03/2008,Brisbane,Ship,Recreational,Coastal Waters,"Karragarra Island, Moreton Bay",Diesel,Unknown
6/04/2008,Brisbane,Ship,Recreational,Coastal Waters,"Dockside Marine, Brisbane River",Diesel,Unknown
8/04/2008,Cairns,Unknown,Unknown,Port,"Trawler Base, Smiths Creek, Cairns",Sheen,Unknown
12/04/2008,Gladstone,Ship,Commercial,Port,Gladstone Marina,Diesel,50
21/04/2008,Gladstone,Ship,Commercial,Port,Gladstone Marina,Sheen,Unknown
24/04/2008,Townsville,Land,Land,Port,Townsville Port Berth 1,Diesel,Unknown
26/04/2008,Gladstone,Ship,Recreational,Coastal Waters,Pancake Creek,Diesel,300
10/05/2008,Brisbane,Ship,Recreational,Coastal Waters,"Kangaroo Island, Southern Moreton Bay",Hydraulic oil,Unknown
16/05/2008,Brisbane,Unknown,Unknown,Coastal Waters,Russell Island,Bilge,Unknown
17/05/2008,Gladstone,Ship,Trading,GBRMP,Lady Elliott Island,HFO,Unknown
25/05/2008,Gladstone,Ship,Commercial,Port,"Gladstone , Boyne Whard",Coke,Unknown
28/05/2008,Townsville,Ship,Commercial,Port,"Townsville, Ross Creek",Hydraulic oil,1
9/06/2008,Brisbane,Unknown,Unknown,Coastal Waters,"Brisbane River, Teneriffe ferry terminal",Other,Unknown
17/06/2008,Gladstone,Land,Unknown,Port,Gladstone Marina,Diesel,77
18/06/2008,Brisbane,Unknown,Unknown,Coastal Waters,Cabbage Tree Creek Shornecliffe,Diesel,Unknown
18/06/2008,Brisbane,Ship,Commercial,Port,"Tug base, Whyte Island",Diesel,100
26/06/2008,Brisbane,Unknown,Unknown,Coastal Waters,"Tlimbah Creek, Toorbul",Diesel,Unknown
7/07/2008,Gladstone,Land,N/A,Port,"Boyne Smelter Wharf, Gladstone",Petroleum Coke,Unknown
8/07/2008,Gladstone,Land,N/A,Port,"Boyne Smelter Wharf, Gladstone",Petroleum Coke,Unknown
16/07/2008,Cairns,Unknown,N/A,Coastal Waters,"Johnston Harbour, Innisfail",Diesel,Unknown
20/07/2008,Gladstone,Unknown,N/A,Coastal Waters,"Hervey Bay Boat Harbour, Urangan",Sheen,Unknown
30/07/2008,Brisbane,Unknown,,Coastal Waters,"Mooloolaba Marina, Mooloolaba",Diesel,Unknown
30/07/2008,Gladstone,Ship,Trading,Port,"Auckland Channel, Gladstone",Hydraulic ,4
30/07/2008,Townsville,Unknown,N/A,GBR,15 miles East of Lucinda,Discoloured Water,Unknown
6/08/2008,Mackay,Ship,Recreational,Coastal Waters,"Abel Point Marina, Airlie Beach",Diesel ,Unknown
8/08/2008,Gladstone,Land,N/A,Port,Fishermans Landing,Lube Oil,1
13/08/2008,Mackay,Ship,Commercial,Port,"Berth 1, Mackay Harbour",Diesel,10
21/08/2008,Brisbane,Ship,Trading,Port,"Bar Cutting, Brisbane",Soot,Unknown
2/09/2008,Townsville,Ship,Commercial,Coastal Waters,"Nelly Bay, Magnetic Island",Diesel,300
13/09/2008,Gladstone,Unknown,N/A,Port,"Carlo Creek, Tin Can Bay",Diesel,Unknown
15/09/2008,Brisbane,Unknown,N/A,Coastal Waters,Mooloolaba Harbour,Sheen,Unknown
9/10/2008,Mackay,Unknown,Unknown,Port,Dalrymple Bay Terminal,Sheen,Unknown
13/10/2008,Brisbane,Ship,Tanker,Port,"Caltex Products Wharf, Lytton",HFO,100
22/10/2008,Mackay,Ship,Recreational,Coastal Waters,"Pioneer Bay, Airlie Beach",Diesel,Unknown
24/10/2008,Mackay,Ship,Commercial,Port,"Mackay Marina, Mackay",Diesel,10
9/11/2008,Mackay,Ship,Customs,Port,"Mackay Marina, Mackay",Diesel,Unknown
17/11/2008,Gladstone,Ship,Recreational,Coastal Waters,"Hervey Bay Boat Harbour, Urangan",Diesel ,Unknown
21/11/2008,Mackay,Land,N/A,Port,Dalrymple Bay Terminal,Hydraulic ,Unknown
1/12/2008,Gladstone,Ship,Commercial,Port,"E3 Anchorge, Gladstone",Unknown,Unknown
1/12/2008,Mackay,Land,N/A,Port,Dalrymple Bay Terminal,Hydraulic ,5
10/12/2008,Townsville,Unknown,N/A,Port,"Ross Creek, Townsville",Diesel,Unknown
17/12/2008,Brisbane,Ship,Recreational,Coastal Waters,Raby Bay Marina,Diesel,Unknown
27/12/2008,Brisbane,Ship,Commercial,Coastal Waters,"Flinders Reef, Moreton Island, SEQ",Diesel,Unknown
5/01/2009,Gladstone,Unknown,N/A,Port,"Auckland Creek, Gladstone",Sheen,Unknown
5/01/2009,Gladstone,Unknown,N/A,Port,"Town Reach, Burnett River, Bundaberg",Diesel,Unknown
26/01/2009,Gold Coast,Ship,Commercial,Coastal Waters,Marina Mirage,Diesel ,Unknown
29/01/2009,Cairns,Ship,Trading,Port,Wharf 7/8 Cairns,Sheen,Unknown
29/01/2009,Townsville,Land,N/A,Port,Ross Haven slipway Ross River Townsville,Diesel ,50
31/01/2009,Brisbane,Ship,Recreational,Port,Dockside Marina Kangaroo Point Brisbane river,Bilge,Unknown
1/02/2009,Gladstone,Ship,Commercial,Port,Emperor Street slipway Tin Can Bay,Diesel,Unknown
1/02/2009,Gladstone,Ship,Commercial,Port,Burnett River Bundaberg,Diesel,Unknown
1/02/2009,Gladstone,Unknown,N/A,Port,Gladstone Marina,Diesel,20
3/02/2009,Gladstone,Unknown,N/A,GBR,Capricorn Channel,Unknown,Unknown
10/02/2009,Gladstone,Ship,Commercial,Port,North Channel Gladstone Harbour,Diesel,20
19/02/2009,Brisbane,Unknown,N/A,Coastal Waters,Wynnum Creek,Sheen,Unknown
27/02/2009,Gladstone,Land,N/A,Port,Walby Creek Gladstone,Diesel,1000
11/03/2009,Brisbane,Ship,Trading,Territorial sea,Approximatly 7 Nm East Cape Moreton Island,HFO,"270,000"
4/06/2009,Townsville,Unknown,N/A,GBR,Approximatly 10 Nm South of Palm Island,Discoloured Water ,Unknown
8/06/2009,Cairns,Ship,N/A,Port,Endeavour River Cooktown,Diesel,50
15/06/2009,Cairns,Ship,Commercial,Coastal Waters,Green Island Jetty,Diesel,200
22/06/2009,Cairns,Ship,Fishing,Coastal Waters,Flattery Harbour,Diesel,2000
22/06/2009,Townsville,Unknown,N/A,Port,Roos Creek between Reef HQ and marina berths,Diesel,Unknown
26/06/2009,Brisbane,Unknown,Commercial,Port,Tangalooma Flyer wharf Holt St Eagle Farm,Sheen,60
26/06/2009,Cairns,Land,N/A,Port,Canecutters wharf Innisfail,Oil,Unknown
13/07/2009,Mackay,Ship,N/A,Coastal Waters,Outside of Abel Point Marina Pioneer Bay Whitsunday,Lubricating,10
15/07/2009,Townsville,Ship,Bulk Carrier,GBR,Inner shipping route from Holborne Is to Palm Is.,Lubricating,200
28/07/2009,Cairns,Unknown,N/A,Port,Marlin Marina Cairns,Bilge,35
23/08/2009,Gladstone,Unknown,N/A,Port,Mouth of Auckland creek Gladstone Harbour,unknown,Unknown
16/09/2009,Brisbane,Unknown,N/A,Port,Brisbane River,Diesel,20
18/09/2009,Brisbane,Ship,Commercial,Port,"Fisherman Islands Berth 2, Brisbane",HFO,5
27/09/2009,Cairns,Unknown,N/A,Coastal Waters,Clump Point Mission Beach,Sheen,Unknown
6/10/2009,Brisbane,Unknown,N/A,Coastal Waters,Wynnum creek,Sheen,Unknown
18/10/2009,Mackay,Ship,Commercial,Port,Hay Point,HFO,Unknown
23/10/2009,Townsville,Ship,Commercial,Port,Ross river,Hydraulic ,50
30/10/2009,Brisbane,Ship,Recreational,Coastal Waters,Weinam creek,Diesel ,50
4/12/2009,Townsville,Ship,Commercial,Port,Ross creek,Diesel,2
12/12/2009,Cairns,Ship,Commercial,Port,Norman River Karumba,Diesel,Unknown
13/12/2009,Brisbane,Unknown,N/A,Coastal Waters,Eastern side of Cleveland Point Moreton Bay,Bilge,Unknown
4/01/2010,Gladstone,Unknown,N/A,Port,Auckland creek Gladstone Harbour,Diesel,Unknown
5/01/2010,Mackay,Ship,Commercial,Port,Hay Point,HFO,50
9/01/2010,Brisbane,Ship,Trading Ship,Port,Fisherman Is Brisbane River,HFO,20
18/01/2010,Gladstone,Land,N/A,Coastal Waters,Rosslyn Bay Marina,Engine oil,Unknown
20/01/2010,Brisbane,Ship,Recreational,Port,Breakfast creek Brisbane River,Diesel,Unknown
2/02/2010,Mackay,Unknown,N/A,Coastal Waters,Shute Harbour Marina,Diesel,Unknown
16/02/2010,Brisbane,Unknown,N/A,Port,Tangalooma ferry terminal Brisbane River,unknown,Unknown
16/02/2010,Townsville,Unknown,N/A,Port,Ross River ,Sheen,10
23/02/2010,Brisbane,Ship,Fishing,Coastal Waters,Mooloolaba Boat Harbour,Diesel,8
26/02/2010,Brisbane,Ship,Fishing,Coastal Waters,Tangalooma jetty Moreton Is,Diesel,Unknown
18/03/2010,Cairns,Ship,Recreational,Coastal Waters,Yorkeys Knob Marina,Diesel,1000
31/03/2010,Brisbane,Ship,Fishing,Coastal Waters,Mooloolaba Boat Harbour,Diesel,Unknown
13/04/2010,Gladstone,Unknown,N/A,Port,Gladstone Marina,Diesel ,10
14/04/2010,Cairns,Ship,Fishing,Port,Cooktown Harbour,Diesel,20
20/04/2010,Gladstone,Ship,Recreational,Port,Mary River Maryborough,Diesel,Unknown
21/04/2010,Brisbane,Unknown,N/A,Coastal Waters,Manly Harbour Brisbane,Diesel,Unknown
25/04/2010,Brisbane,Ship,Recreational,Coastal Waters,Pacific Harbour Marina Bribie Is,Diesel,Unknown
11/05/2010,Townsville,Unknown,N/A,Port,Ross River,Diesel ,Unknown
13/05/2010,Cairns,Ship,Commercial,Port,Wharf No. 8 Cairns Port,Diesel,3
27/05/2010,Cairns,Ship,Commercial,Port,Masons wharf Cairns Harbour,Diesel,5
5/07/2010,Townsville,Unknown,N/A,Port,"Sunferries breakwater terminal, Ross Creek",Diesel,5
23/07/2010,Brisbane,Ship,Commercial,Port,"Fisherman Islands Coal Terminal, Brisbane",HFO,30
25/07/2010,Brisbane,Unknown,N/A,Coastal Waters,Mooloolaba,Diesel,Unknown
28/07/2010,Gladstone,Unknown,N/A,Port,"South Trees West Wharf, Gladstone",Diesel,Unknown
13/08/2010,Gladstone ,Land,N/A,Port,"South Trees East Wharf, Gladstone",HFO,100
18/08/2010,Townsville,Ship,Recreational,Port,"Breakwater Marina Development site, Townsville",Diesel,300
6/09/2010,Brisbane,Land,N/A,Port,"Brisbane River, downstream near CAPR",Diesel,Unknown
14/10/2010,Mackay,Ship,Sailling Vessel,Port,Mackay Harbour Entrance,Bilge,Unknown
20/10/2010,Brisbale,Unknown,N/A,Port," Pinkenba Reach, Brisbane River",Light Oil,Unknown
30/10/2010,Mackay,Unknown,N/A,Coastal Waters,"Blue Bay, Dalphin Pt",Diesel,Unknown
2/11/2010,Brisbane,Ship,Recreational,Coastal Waters,"Horizon Shores Marina, Gold Coast",Hydraulic,10
7/11/2010,Gladstone,Unknown,N/A,Coastal Waters,"South of India Head, Fraser Island",HFO,Unknown
14/11/2010,Cairns,Ship,Commercial,Port,"Meridian Marina, Port Douglas",Diesel ,200
18/11/2010,Brisbane,Unknown,N/A,Coastal Waters,"Aquatic Paradise, Moreton Bay",Bilge,Unknown
25/11/2010,Brisbane,Ship,Commercial,Port,"John Oxley II Berth, Brisbane River",Hydraulic,20
8/12/2010,Cairns,Ship,Commercial,Coastal Waters,Lizard Island,Diesel,120
5/01/2011,Cairns,Unknown,N/A,Coastal Waters,"Endeavour River, Cooktown",Diesel,Unknown
8/01/2011,Gladstone,Ship,Commercial,Coastal Waters,"China Bay, Curtis Island Gladstone",Hydraulic,10
10/01/2011,Gladstone,Ship,Recreational,Coastal Waters,"Garrys Anchorage, Great Sanbds Straits",Petrol,40
11/02/2011,Brisbane,Ship,Recreational,Port,"Rivergate Marina, Brisbane River",Diesel,Unknown
11/02/2011,Gladstone,Ship,Commercial,Port,"Auckland Pt Wharf, Gladstone Harbour",Diesel,15
15/02/2011,Cairns,Unknown,N/A,Coastal Waters,"Smiths Creek, Cairns",Sheen,Unknown
15/02/2011,Cairns,Unknown,N/A,Coastal Waters,"Low Isles, north of Cairns",Sheen,Unknown
17/02/2011,Brisbane,Ship,Commercial,Port,"Fisherman Islands Berth 3, Brisbane",Hydraulic,Unknown
2/03/2011,Cairns,Unknown,N/A,Coastal Waters,"Prince of Wales Island, Torres Strait",Sheen,Unknown
4/03/2011,Gladstone,Unknown,N/A,GBR,"10' offshore, 40' south of Bustard Head",HFO,Unknown
8/03/2011,Cairns,Ship,Commercial,Coastal Waters,"Great North East, Channel, Torres Straits",HFO,300
15/03/2011,Cairns,Unknown,N/A,Coastal Waters,"Trawler Base, Smiths Creek, Cairns",Vegetable,20
19/03/2011,Brisbane,Unknown,N/A,Coastal Waters,Mooloolaba Boat Harbour,Diesel,Unknown
26/03/2011,Brisbane,Land,N/A,Port,Brisbane River Eagle Farm drain,Tallow ,Unknown
28/03/2011,Brisbane,Ship,Fishing,Coastal Waters,Scarbough Boat Harbour,Diesel,Unknown
30/03/2011,Brisbane ,Ship,Commercial,Coastal Waters,"Toondah Harbour Ferriy Terminal, Cleveland",Diesel,Unknown
6/04/2011,Townsville,Land,N/A,Port,Port of Townsville Sugar Terminal,Diesel,50
9/04/2011,Brisbane,Unknown,N/A,Coastal Waters,"North West Channel Bribie Island, Moreton Bay",Sheen,Unknown
11/04/2011,Gladstone,Ship,Commercial,Port,North China Bay construction dock Gladstone Harbour,Hydraulic,20
19/04/2011,Townsville,Truck in water,N/A,Coastal Waters,"Palm Island Jetty, Palm Island",Diesel,Unknown
7/05/2011,Brisbane,Ship,Recreational,Coastal Waters,"Tangalooma Wrecks, Moretion Island",Diesel,Unknown
22/05/2011,Mackay,Unknown,N/A,Port,"A Arm, Mackay Marina",Diesel,3
12/06/2011,Mackay,Ship,Commercial,Port,"Dalyrymple Bay Coal Terminal, Berth 4",Bilge,Unknown
20/06/2011,Mackay,Ship,Commercial,Port,Mackay Harbour Berth 3,Hydraulic,4
21/06/2011,Cairns,Ship,N/A,Coastal Waters,"Evans Landing Wharf, Weipa",Diesel,10
7/07/2011,Mackay,Ship,Commercial,Port,Hay Point Berth 3 (Dredge Site),Hydraulic ,2
10/07/2011,Mackay,Ship,Commercial,Port,Hay Point Berth 3 (Dredge Site),Hydraulic ,2
13/07/2011,Gladstone,Unknown,Unknown,Port,"Between Q4 and Q6 beacon's in Quion Ccannel, Gladstone",Sheen,N/A
14/07/2011,Gladstone,Ship,Commercial,Port,"LNG Maritime Offload Facility Curtis Island, Gladstone.",Hydraulic ,20
23/07/2011,Gladstone,Unknown,Unknown,Port,Fishermans Landing (Bechtel Barge Ramp) Gladstone, Hydraulic ,5
10/08/2011,Mackay,Unknown,Unknown,Port,"Sand Bay, south of Cape Hillsborough and Belmunda areas",Lubricating ,Unknown
14/08/2011,Townsville,Ship,Commercial,Port,"Augustus Creek, Nelly Bay, Magnetic Island, Townsville",Diesel ,600
16/08/2011,Gladstone,Ship,Commercial,Port,"North Passage Island, Gladstone",Engine ,10
16/08/2011,Mackay,Ship,Recreational,Port,"Wharf at Pioneer River, Mackay",Diesel ,Unknown
19/08/2011,Cairns,Unknown,Trading,Coastal Waters,"10 nautical miles south of Urqhardt Point, Weipa",HFO,Unknown
7/09/2011,Cairns,Unknown,Unknown,Port,Endeovour River Cooktown Harbour,Diesel,Unknown
12/09/2011,Mackay,Ship,Commercial,Port,Hay Point Berth 1 (Dredge Site),Hydraulic ,2
29/09/2011,Brisbane,Land,N/A,Port,"Eagle St Pier to Stanford Hotel, Town Reach Brisbane River",Diesel,Unknown
30/09/2011,Gladstone,Ship,Commercial,Port,Burnett River Bundaberg,Diesel,Unknown
10/10/2011,Townsville,Ship,Fishing,Port,"Ross Haven Marina, Ross River Townsville",Bilge,Unknown
14/10/2011,Cairns ,Land,N/A,Coastal Waters,Evans Landing Wharf Weipa,Hydraulic ,Unknown
14/10/2011,Gladstone,Ship,Commercial,Port,North Passage Isl Up stream of Fishermans Landing,Hydraulic ,200
23/10/2011,Cairns,Ship,Commercial,Coastal Waters,Vacinity of Howick Island Group (FNQ),Diesel,400
28/10/2011,Brisbane,Ship,Commercial,Port,Scarborough Marina (Morgans Seafood),Bilge,Unknown
31/10/2011,Gladstone,Land,N/A,Port,GLNG MOF Pioneer Barge Ramp south of China Bay Curtis Island,Coolant,50
2/11/2011,Gladstone,Land,N/A,Port,GLNG MOF south of China Bay Curtis Island,Hydraulic ,Unknown
21/11/2011,Gladstone,Ship,Commercial,Port,"North Passage, China Bay",Hydraulic ,50
23/11/2011,Brisbane,Unknown,Unknown,Port,"28 Anchorage Drive, Cleveland (canal behind residence)",Sheen,Unknown
28/11/2011,Mackay,Ship,Fishing,Port,"Pioneer River, Mackay (Fish supplies Jetty)",Diesel,Unknown
4/12/2011,Brisbane,Ship,Commercial,Port,"Brisbane Roads Anchorage, Moreton Bay",Diesel,2
7/12/2011,Brisbane ,Ship,Commercial,Port,"Cairnscross Wharf, Brisbane River",Diesel,20
8/12/2011,Mackay,Ship,Commercial,Port,Mackay Harbour - Southern end of Sugar Wharf,Diesel,1
9/12/2011,Brisbane,Unknown,Unknown,Port,"Pelican Slipway, Moreton Bay",Sheen,Unknown
12/12/2011,Gladstone,Ship,Commercial,Port,North Passage Island Channel,Hydraulic ,10
20/12/2011,Townsville,Ship,Recreational,Port,Ross Creek Boat Ramp pontoon,Sheen,3
22/12/2011,Mackay,Ship,Commercial,Coastal Waters,"East Dimond Inlet, Mackay",Sheen,Unknown
25/12/2011,Gladstone,Ship,Commercial,Port,Curtis Island side of Passage Island Channel - adjacent to North Passage Island,Hydraulic,10
19/01/2012,Mackay,Ship,Commercial,Port,Hay Point Expansion ,Hydraulic ,1
23/01/2012,Brisbane,Ship,Trading,Port,"Hamilton berth 4, Brisbane River",HFO,3000
6/02/2012,Mackay,Land,N/A,Port,Tug Harbour Hay Point,Sheen,Unknown
15/02/2012,Mackay,Ship,Commercial,Port,"Lease D, Hay Point",Hydraulic,1
1/03/2012,Gladstone,Ship,Recreational,Port,"Boat Club Marina, Urangan Boat Harbout, Hervey Bay",Diesel,Unknown
5/03/2012,Mackay,Ship,Commercial,Port,"Hay Point Expansion, HPE3",Sheen,2
9/03/2012,Mackay,Ship,Commercial,Port,Hay Point Expansion Zone.,Sheen,Unknown
14/03/2012,Gold Coast,Ship,Recreational,Port,Horizon Shores Marina Gold Coast,Diesel,Unknown
23/03/2012,Cairns,Unknown,Unknown,Port,Tropical Reef slipway. Past Cairns slipway . Smiths Creek,Diesel,Unknown
28/03/2012,Gladstone,Ship,Recreational,Port,Curtis Island side of Passage Island Channel - adjacent to North Passage Island,Hydraulic,Unknown
8/04/2012,Townsville,Ship,Commercial,Port,Berth 4 at Bulk Sugar Wharf Townsville,Diesel,2000
17/04/2012,Brisbane,Ship,Commercial,Port,Mooloolah River Mouth,Hydraulic,1
18/04/2012,Brisbane,Ship,Commercial,Port,"Maritime Solutions Slipway, Hamilton Reach, Brisbane River",Hydraulic ,4
24/04/2012,Brisbane,Unknown,Unknown,Port,"Seen from Aircraft, East of Redcliffe",Unknown,Unknown
30/04/2012,Gladstone,Ship,Commercial,Port,"Jacobs Channel, Curtis Island",Sheen,Unknown
30/04/2012,Mackay,Ship,Commercial,Port,Hay Point Expansion HPX3,Hydraulic ,15
3/05/2012,Brisbane,Land,N/A,Port,"Shell Service Station, 94 Breakfast Creek Road, Newstead", Petrol,2500
10/05/2012,Mackay,Unknown,Unknown,Port,Hay Point Half Tide Tug Harbour,Paint,1
15/05/2012,Townsville,Ship,Fishing,Port,Anchorage off Dalrymple Bay Bowen,Diesel,Unknown
24/05/2012,Gladstone,Ship,Commercial,Port,Curtis Island QCLNG Project: Off Load facility,Hydraulic ,2
2/06/2012,Gladstone,Ship,Commercial,Port,Curtis Island GLNG Marine Offload Facility,Hydraulic ,20
3/06/2012,Gladstone,Ship,Commercial,Port,RG Tanna Loadout Facility,Diesel,1
6/06/2012,Cairns,Ship,Commercial,Coastal Waters,Fitzroy Island Wharf,Diesel,100
13/06/2012,Gladstone,Ship,Commercial,Port,South China Bay,Hydraulic ,Unknown
29/06/2012,Townsville,Land,N/A,Port,BP bitumen plant Townsville Port,Heating ,3000
8/07/2012,Gladstone,Ship,Recreational,Port limits,Great Sandy Strait Marina Urangan,Bilge,2
10/07/2012,Brisbane,Unknown,Unknown,Coastal waters,Wurtulla beach Caloundra,HFO,Unknown
12/07/2012,Brisbane,Unknown,Unknown,Port limits,Aquarium Passage - Doboy Creek - Brisbane River,Diesel,20
12/07/2012,Townsville,Land,Unknown,Coastal waters,Lucinda Wharf,Diesel,5
14/07/2012,Gladstone,Unknown,Unknown,Port Limits,Fishermans Landing,Diesel,100
18/07/2012,Brisbane,Unknown,Unknown,Coastal waters,Scarborough Marina,Diesel,Unknown
21/07/2012,Gladstone,Unknown,Unknown,Coastal waters,Roslyn Bay Boat Harbour Entrance,Carbon from diesel engine,Unknown
23/07/2012,Hay Point,Ship,Commercial,Coastal waters,Hay Point Tug Harbour,Hydraulic Fluid,2
23/07/2012,Townsville,Unknown,Unknown,Coastal waters,"Enterprise Channel, Dungerness, Lucina",Diesel,50
27/07/2012,Townsville,Unknown,Unknown,Port limits,Ross Creek,Diesel,Unknown
2/08/2012,Gladstone,Ship,Commercial,Port limits,Behind Clinton wharf,Hydraulic Fluid,2
4/08/2012,Townsville,Unknown,Unknown,Port limits,Ross Creek near Townsville Yacht Club Marina,Diesel,Unknown
5/08/2012,Gladstone,Ship,Commercial,Port limits,North Passage Isl Gladstone Harbour,Hydraulic Fluid,5
13/08/2012,Gladstone,Ship,Commercial,Port limits,Middle Bank Quoin Anchorage,N/A,Unknown
14/08/2012,Brisbane,Unknown,Unknown,Coastal waters,Scarborough Marina,Diesel,20
17/08/2012,Cairns,Unknown,Unknown,Coastal waters,Weipa Anchorage area,HFO,Unknown
19/08/2012,Brisbane,Land,Unknown,Port limits,Brisbane River Hamilton wharfs,Palm acid oil,3000
21/08/2012,Brisbane,Unknown,Unknown,Coastal waters,Manly Boat Harbour,Sheen,Unknown
4/09/2012,Gladstone,Ship,Commercial,Port limits,Gladstone Harbour,Bilge,10
5/09/2012,Brisbane,Ship,Commercial,Port limits,Fisherman Island berth 9,Sheen,Unknown
11/09/2012,Townsville,Ship,Commercial,Port limits,Berth 10 Townsville Harbour,Hydraulic Fluid,2
16/09/2012,Mackay,Ship,Trading Ship,Port limits,Hay Point berth 3,Hydraulic Fluid,2
17/09/2012,Mackay,Ship,Commercial,Port limits,Mackay Boat Harbour,Diesel,1
1/10/2012,Gladstone,Unknown,Unknown,Coastal waters,Snapper Creek Tin Can Bay,Bilge,Unknown
5/10/2012,Mackay,Ship,Commercial,Coastal waters,Shute Harbour,Diesel,5
5/10/2012,Townsville,Ship,Commercial,Port limits,Berth 10 Townsville Harbour,Hydraulic Fluid,5
13/10/2012,Cairns,Ship,Commercial,Port limits,Trinity Wharf,Diesel,100
14/10/2012,Gladstone,Ship,Commercial,Port limits,Clinton Wharf,Hydraulic Fluid,10
15/10/2012,Gladstone,Land,N/A,Port limits,GLNG MOF Gladstone Harbour,sodium Hypochlorite,100
15/10/2012,Townsville,Ship,Commercial,Port limits,Berth 10 Townsville Harbour,Hydraulic Fluid,5
19/10/2012,Cairns,Unknown,Unknown,Port limits,Cairns fishman's base Smiths Creek,Bilge,20
19/10/2012,Mackay,Ship,Commercial,Coastal waters,Hay Point berth 3,Hydraulic Fluid,1
20/10/2012,Townsville,Ship,Commercial,Port limits,Berth 9,Sulphur,2000
22/10/2012,Gladstone,Ship,Commercial,Port limits,Sth Passage Island,Sewage & grey water,1500
24/10/2012,Brisbane,Ship,Recreational,Coastal waters,Raby bay,Unknown,Unknown
27/10/2012,Cairns,Ship,Unknown,Coastal waters,Gallon Reef,Unknown,Unknown
30/10/2012,Townsville,Ship,Commercial,Port limits,Berth 10 Townsville Harbour,Hydraulic Fluid,50
30/10/2012,Townsville,Ship,Commercial,Port limits,Berth 10 Townsville Harbour,Unknown,1
1/11/2012,Brisbane,Land,N/A,Coastal waters,Jabiru canal Newport,Sheen,Unknown
2/11/2012,Townsville,Ship,Commercial,Port limits,Berth 10 Townsville Harbour,Hydraulic Fluid,2
3/11/2012,Brisbane,Land,Unknown,Coastal waters,Tripcony Creek Golden Beach,Unknown,Unknown
9/11/2012,Brisbane,Ship,Recreational,Coastal waters,East Coast Marina Manly,Diesel,200
10/11/2012,Gladstone,Ship,Fishing,Port limits,Fishermans finger Gladstone Harbour,Diesel,30
12/11/2012,Mackay,Ship,N/A,Coastal waters,Black Island,Engine oil,10
21/11/2012,Cairns,Ship,Recreational,Coastal waters,Johnstone River Innisfail,Diesel,Unknown
22/11/2012,Gladstone,Unknown,Unknown,Port limits,Snapper Creek Tin Can Bay,Sheen,5
24/11/2012,Gladstone,Ship,Commercial,Port limits,China bay Curtis Island,Hydraulic Fluid,1
26/11/2012,Gladstone,Ship,Commercial,GBRMP,22Nm north of Sandy Cape,Ground food waste 1890 Kg,Unknown
1/12/2012,Mackay,Ship,Recreational,Port limits,Mackay Marina ,Diesel,20
15/12/2012,Townsville,Ship,Commercial,Port limits,Horseshoe Bay Magnetic Island,Hydraulic Fluid,10
16/12/2012,Cairns,Ship,N/A,Coastal waters,1Nm w Scardon River,Diesel,Unknown
1/01/2013,Brisbane,Unknown,N/A,Coastal waters,Mooloolah River Fisheries wharf,Diesel,Unknown
2/01/2013,Gladstone,Unknown,N/A,GBRMP,East of Bunker group,Sheen,Unknown
2/01/2013,Townsville,Ship,Recreational,Port limits,Townsville Breakwater anchorage,Sheen,Unknown
14/01/2013,Brisbane,Ship,Recreational,Coastal waters,"Dockside Marina, Brisbane River",Diesel,Unknown
17/01/2013,Cairns,Ship,Commercial,Port limits,"Trinity, Inlet Cairns",Diesel,20
22/01/2013,Cairns,Ship,Unknown,Port limits,"Marlin Marina, Cairns",Diesel,20
4/02/2013,Townsville,Unknown,N/A,Coastal waters,"Nelly Bay, Magnetic Island",Diesel,10
12/02/2013,Mackay,Ship,Commercial,Port limits,Hay Point,Hydraulic Fluid,0.5
21/02/2013,Cairns,Unknown,N/A,Port limits,"Smiths Creek, Cairns",Sheen,Unknown
21/02/2013,Cairns,Unknown,N/A,Port limits,"Smiths Creek, Cairns",Sheen,
22/02/2013,Mackay,Ship,Recreational,Coastal waters,Abel Point Marina,Diesel,15
24/02/2013,Gladstone,Land,N/A,Coastal waters,Rosslyn Bay Boat Harbour,Diesel,15
28/02/2013,Townsville,Ship,Commercial,Port limits,Townsville BERTH 10,Hydraulic Fluid,3
11/03/2013,Cairns,Land,N/A,Port limits,"Thursday Island, storm drain",Cooking oil,5
11/03/2013,Gladstone,Ship,Fishing,Coastal waters,Three Rocks south of Cape Manifold,Diesel,Unknown
14/03/2013,Cairns,Ship,Fishing,Port limits,"Trinity Inlet, Cairns",Hydraulic Fluid,1
14/03/2013,Gladstone,Land,N/A,Port limits,Gladstone Curtis LNG,Hydraulic Fluid,25
15/03/2013,Cairns,Ship,Commercial,Port limits,"Trinity Inlet, Cairns",Chemical (AFLCO),10
22/03/2013,Gladstone,Unknown,Unknown,Coastal waters,"Ross Creek, Yeppoon",Diesel,10
4/04/2013,Townsville,Ship,Commercial,Port limits,"Townsville Port, Berth 8",Hydraulic Fluid,5
6/04/2013,Townsville,Ship,Commercial,Port limits,Townsville Port,Hydraulic Fluid,3
10/04/2013,Gladstone,Ship,Recreational,Port limits,Tin Can Bay Marina,Diesel,0.3
11/04/2013,Cairns,Ship,Trading Ship,Port limits,"Trinity Inlet, Cairns",Hydraulic Fluid,1
11/04/2013,Gladstone,Land,N/A,Port limits,Curtis LNG,Hydraulic Fluid,1
18/04/2013,Gladstone,Land,N/A,Port limits,Curtis LNG,Hydraulic Fluid,0.1
27/04/2013,Brisbane,Ship,Commercial,Port limits,Brisbane Cruise Ship Terminal,Hydraulic Fluid,0.1
4/05/2013,Townsville,Ship,Commercial,Port limits,Port of Townsville ,Hydraulic Fluid,1
12/05/2013,Gladstone,Ship,Commercial,Port limits,Gladstone Harbour,Diesel,0.3
14/05/2013,Gladstone,Ship,Commercial,Port limits,Gladstone Harbour,Hydraulic Fluid,0.1
23/05/2013,Townsville,Ship,Commercial,Port limits,Townsville Port,Diesel,10
28/05/2013,Townsville,Ship,Commercial,Port limits,Townsville Port,Hydraulic Fluid,0.5
3/06/2013,Townsville,Ship,Commercial,Port limits,Townsville Port,Hydraulic Fluid,30
4/06/2013,Townsville,Ship,Commercial,Port limits,Townsville Port,Hydraulic Fluid,10
6/06/2013,Gladstone,Ship,Fishing,GBRMP,Lady Elliot Island,Diesel,Unknown
7/06/2013,Brisbane,Ship,Unknown,Coastal waters,"Rainbow Channel, Moreton Bay",Diesel,Unknown
10/06/2013,Gladstone,Land,N/A,Port limits,Curtis GLNG Project,Lanolin,1
10/06/2013,Townsville,Ship,Recreational,GBRMP,Magnetic Island Marina,Diesel,Unknown
18/06/2013,Cairns,Ship,Recreational,Coastal waters,"Meriden Marina and Dickson Inlet, Port Douglas",Diesel,Unknown
20/06/2013,Gladstone,Ship,Commercial,Port limits,Passage Island Channel Gladstone Harbour,Diesel,
20/06/2013,Gladstone,Ship,Commercial,Port limits,Wiggins Island Coal Terminal,Hydraulic Fluid,1
20/06/2013,Gladstone,Ship,Commercial,Port limits,Passage Island Channel Gladstone Harbour,Diesel,Unknown
21/06/2013,Cairns,Ship,Commercial,GBRMP,Frankland Islands,Diesel,50
30/06/2013,Brisbane,Land,N/A,Coastal waters,"Cabbage Tree Creek, Moreton bay",Diesel,Unknown
30/06/2013,Cairns,Unknown,N/A,Port limits,Cairns Cruising Yacht Club,Paint,Unknown
1/07/2013,Gladstone,Unknown,N/A,Port Limits,Gladstone Marina,Diesel,20
1/07/2013,Gladstone,Ship,Commercial,Port Limits,"QC4 Curtis Island, Offloading Ramp, Gladstone",Other (Hydraulic Oil),10
6/07/2013,Gladstone,Land,N/A,Port Limits,"Wiggins Island Coal Terminal, Gladstone",Sheen,Unknown
12/07/2013,Townsville,Unknown,N/A,Port Limits,"Ross Creek Berth 10, Townsville",Diesel,10
20/07/2013,Gladstone,Ship,Commercial,Port Limits,"Boyne Smelter Whalf, Gladstone Harbour, Gladstone",Other (Calcined Petroleum Coke),Unknown
22/07/2013,Townsville,Ship,N/A,Port Limits,"Harbour Marine Precinct, Townsville",Diesel,20
23/07/2013,Mackay,Ship,Recreational,Coastal Waters,"Airlie Beach Marina, Airlie Beach",Sheen,Unknown
25/07/2013,Brisbane,Unknown,N/A,Coastal Waters,Manly Boat Harbour,Diesel,10
26/07/2013,Brisbane,Ship,Fishing,Port Limits,"Raptis Fish Market, Brisbane River",Sheen,Unknown
28/07/2013,Brisbane,Unknown,N/A,Port Limits,"Fisherman Islands 11 and 12, Brisbane River",Other,Unknown
29/07/2013,Townsville,Ship,Commercial,Coastal Waters,"Boat Ramp, Palm Island",Other (Hydraulic Oil),3
2/08/2013,Gladstone,Ship,Recreational,Port Limits,"Urangan Harbour, Great Sandy Strait Marina, Hervey Bay",Sheen,Unknown
4/08/2013,Cairns,Unknown,N/A,Port Limits,"Marlin Marina, Cairns",Diesel,10
10/08/2013,Gladstone,Ship,Commercial,Port Limits,"Passage Island Channel, Gladstone",Other (Hydraulic Oil),10
8/09/2013,Cairns,Land,N/A,Port Limits,"Main Wharf, Thursday Island",Diesel,20
27/09/2013,Brisbane,Land,N/A,Coastal Waters,"Upstream end of Hamilton Reach, Brisbane River",Diesel,Unknown
27/09/2013,Gladstone,Ship,Recreational,Coastal Waters,"South Break wall, Rosslyn Bay Boat Ramp",Diesel,Unknown
27/09/2013,Gladstone,Unknown,N/A,Port Limits,"Sandy Strait Marina, Harvey Bay",Other,Unknown
3/10/2013,Cairns,Ship,Commercial,Coastal Waters,4 N/M SSE of cape Tribulation,Diesel,14000
11/10/2013,Brisbane,Unknown,Unknown,Coastal Waters,"Albatross Canal, Scarbourgh",Sheen,Unknown
19/10/2013,Mackay,Ship,Recreational,Port Limits,Mackay Marina ,Other (Lube Oil),3
23/10/2013,Gladstone,Ship,Commercial,Port Limits,Port of Bundaberg,Other (Hydraulic Oil),50
6/11/2013,Mackay,Ship,Recreational,Coastal Waters,"Abell Point Marina, Airlie Beach",Diesel,10
9/11/2013,Gladstone,Ship,Commercial,Port Limits,"Jetty at old slip way, Mary River",Diesel,40
11/11/2013,Gladstone,Unknown,N/A,Port Limits,"Between Flin RORO and small craft Anchorage, Gladstone",Diesel,Unknown
12/11/2013,Cairns,Ship,Commercial,Port Limits,HMAS Cairns Navy Base,Bilge,10
12/11/2013,Cairns,Ship,Commercial,Port Limits,"Tropical Reef Shipyards, Cairns",Diesel,2
13/11/2013,Gladstone,Ship,Fishing,Port Limits,"Entrance to Teebar Creek, Tin Can Bay",Diesel,Unknown
14/11/2013,Cairns,Ship,Fishing,Coastal Waters,"Dicksons Inlet, Port Douglas",Other (Gearbox oil),Unknown
15/11/2013,Cairns,Unknown,N/A,Port Limits,"Marlin Marina, Cairns",Diesel,10
21/11/2013,Cairns,Ship,Recreational,Coastal Waters,Between Cape Tribulation and Snapper Island,Diesel,Unknown
25/11/2013,Townsville,Ship,Recreational,Port Limits,"Nelly Bay Harbour, D Arm in Marina, Magnetic Island",Diesel,2
25/11/2013,Cairns,Unknown,N/A,Port Limits,"Smiths Creek, Trinity Inlet, Cairns",Sheen,Unknown
3/12/2013,Mackay,Ship,Fishing,Coastal Waters,"Mackay reef supplies wharf, Pioneer River",Diesel,300
5/12/2013,Townsville,Land,N/A,Port Limits,"Ross River, Townsville",HFO,100
9/12/2013,Mackay,Ship,Commercial,Coastal Waters,"Abell Point Marina, Airlie Beach",Bilge,5
10/12/2013,Brisbane,Unknown,N/A,Coastal Waters,"Cabbage Tree Creek, Brisbane",Diesel,Unknown
8/01/2014,Cairns,Land,N/A,Port Limits,"Endeavour River, Cooktown",Diesel,Unknown
9/01/2014,Gladstone,Ship,Unknown,Port Limits,Trawler pens in Tin Can Bay Marina,Bilge,Unknown
16/01/2014,Cairns,Unknown,N/A,Port Limits,"Endeavour River, Cooktown",Diesel,Unknown
20/01/2014,Gladstone,Unknown,N/A,Port Limits,"Mouth of the Calliope River, Gladstone",Sheen,Unknown
21/01/2014,Gladstone,Unknown,N/A,Port Limits,"Mouth of the Calliope River, Gladstone",Sheen,Unknown
22/01/2014,Townsville,Ship,Commercial,Port Limits,"Berth 1 and swing basin, Townsville",Other (Carbon Soot),Unknown
24/01/2014,Brisbane,Land,N/A,Port Limits,"Shell Tank Farm, Pinkenba, Brisbane",Other (Bitumen),Unknown
29/01/2014,Brisbane,Ship,Recreational,Coastal Waters,"Versace Marina, The Spit, Main Beach, Goldcoast",Diesel,2000
30/01/2014,Cairns,Ship,Unknown,Coastal Waters,"Cooya Beach boat ramp, Cairns",Diesel,Unknown
5/02/2014,Cairns,Ship,Fishing,Port Limits,"Fisherman's Base 2, Cairns",Bilge,10
14/02/2014,Cairns,Ship,Recreational,Port Limits,"F Finger, Marlin Marina, Cairns",Other,Unknown
18/02/2014,Cairns,Unknown,N/A,Port Limits,"Trinity Park Beach, Cairns",Other (Tar Balls),Unknown
19/02/2014,Cairns,Unknown,N/A,Port Limits,"Norship Slipway, Tingira St, Portsmith, Cairns",Sheen,Unknown
5/03/2014,Gladstone,Ship,Commercial,Port Limits,"Laird Point Boat Ramp, Gladstone",Diesel,20
8/03/2014,Cairns,Ship,Fishing,Port Limits,"Town Reach, Norman Creek, Karumba",Diesel,20
11/03/2014,Cairns,Land,N/A,Port Limits,"Marlin Marina, Trinity Inlet, Cairns",Diesel,Unknown
12/03/2014,Cairns,Unknown,N/A,Coastal Waters,"South Johnstone river near coronation St, Innisfale",Sheen,Unknown
14/03/2014,Cairns,Ship,Unknown,Coastal Waters,Port Douglas Marina,Bilge,Unknown
14/03/2014,Cairns,Unknown,N/A,Port Limits,Mourilyan Harbour,Sheen,Unknown
31/03/2014,Brisbane,Ship,Commercial,Coastal Waters,"Mulloka Canel East, Minyama",Other (Hydraulic Oil),Unknown
1/04/2014,Brisbane,Ship,Commercial,Coastal Waters,"Runaway Bay Marina, Gold Coast",Bilge,4
4/04/2014,Townsville,Unknown,N/A,Port Limits,"Berth 4, Port of Townsville",Other (Stock feed),30kg
6/04/2014,Townsville,Ship,Commercial,Port Limits,"Duck Pond, Townsville",Diesel,50
22/04/2014,Brisbane,Ship,Commercial,Port Limits,"Brisbane Marine Industrial Park, Brisbane",Diesel,20
22/04/2014,Cairns,Unknown,N/A,Coastal Waters,"Johnstone River, Commercial Wharf, Innisfail",Sheen,Unknown
23/04/2014,Cairns,Unknown,N/A,Port Limits,"Cairns fishing marina and wharf, Cairns",Sheen,Unknown
28/04/2014,Brisbane,Ship,Recreational,Coastal Waters,"Hope Island Resort Marina, Gold Coast",Sheen,1
4/05/2014,Cairns,Ship,Commercial,GBRMP,"Cowley Beach Defence Training Area, Cowley Beach",Other (Hydraulic Oil),250
21/05/2014,Cairns,Unknown,N/A,Port Limits,"Marlin Marina, Cairns",Bilge,Unknown
23/05/2014,Mackay,Ship,Fishing,Port Limits,"Mackay Marina, Commercial Fishing Wharf",Bilge,Unknown
30/05/2014,Gladstone,Unknown,N/A,Port Limits,"Transit Systems Berths, Gladstone Marina, Gladstone",Diesel,10
2/06/2014,Brisbane,Unknown,N/A,Port Limits,"Luggage Point dredge pump out moornig, Brisbane River",Other (Hydraulic Oil),10
6/06/2014,Cairns,Ship,Commercial,Port Limits,"Wharf number 8, Cairns Harbour",Other (Hydraulic Oil),30
10/06/2014,Gladstone,Land,N/A,Port Limits,"WICET Project site, Gladstone",Other (Hydraulic Oil),1
11/06/2014,Gladstone,Unknown,N/A,Coastal Waters,Lady Elliott Island,Other (Tar Balls),N/A
4/07/2014,Cairns,Ship,Commercial,Port Limits,"Main Wharf, Thursday Island",Diesel,1
8/07/2014,Cairns,Unknown,N/A,Port Limits,"Fishing Base 2, Cairns",Diesel,20
14/07/2014,Cairns,Ship,Commercial,Port Limits,"Wharf number 4, Trinity Wharf, Cairns",Other (Paint),4
16/07/2014,Gladstone,Ship,Fishing,Coastal Waters,Between Great Keppel Island and Barren Island,Diesel,Unknown
18/07/2014,Brisbane,Land,N/A,Port Limits,"Fisherman Islands Berth Number 3, Brisbane",Diesel,20
18/07/2014,Brisbane,Unknown,N/A,Coastal Waters,"Raby Bay, behind 38 Compass Court, Cleveland",Hydraulic Oil,100
18/07/2014,Gladstone,Ship,Commercial,Port Limits,"Curtis Ferry Services pontoon, Gladstone Marina",Diesel,150
22/07/2014,Cairns,Ship,Defence,Port Limits,"Cairns Naval Base, Cairns",Hydraulic Oil,10
1/08/2014,Townsville,Unknown,N/A,Port Limits,Opposite the Townsville Yacht Club in Ross Creek,Sheen,Unknown
16/08/2014,Bundaberg,Unknown,N/A,Port Limits,"Downstream of Tin Can Bay Marina, Tin Can Bay",Diesel,Unknown
21/08/2014,Brisbane,Unknown,N/A,Coastal Waters,"Entrance Toondah Harbour, Cleveland",Other (Emulsion),20
22/08/2014,Bundaberg,Unknown,N/A,Port Limits,"Tin Can Bay Marina, Tin Can Bay",Diesel,Unknown
31/08/2014,Cairns,Ship,Commercial,Port Limits,"Thursday Island Harbour, Port Kennedy, Torres Strait",Diesel,10
4/09/2014,Bundaberg,Ship,Recreational,Port Limits,"Tin Can Bay Marina, Tin can Bay",Diesel,Unknown
9/09/2014,Gladstone,Land,N/A,Port Limits,"Wiggins Island Coal Export Terminal (WICKET), Gladstone",Other (Panolin),1
15/09/2014,Mackay,Ship,Commercial,Port Limits,"Cruise Whitsunday Fuel Dock, Port of Airlie, Airlie Beach",Diesel,1
19/09/2014,Gladstone,Ship,Commercial,Coastal Waters,"Heron Island, Great Barrier Reef",Diesel,1
21/09/2014,Cairns,Ship,Commercial,Coastal Waters,"Badu Island Barge Ramp, Torres Strait",Diesel,1
24/09/2014,Cairns,Ship,Commercial,Port Limits,"Rebel Marine Wharf, Thursday Island, Torres Strait",Diesel,1
26/09/2014,Bundaberg,Ship,Recreational,Port Limits,"Susan River, between Maryborough and Hervey Bay",Hydraulic Oil,25
15/11/2014,Cairns,Ship,Recreational,Port Limits,"Half Moon Bay Marina, Yorkeys Knob, Cairns",Diesel,Unknown
15/11/2014,Mackay,Ship,Recreational,Coastal Waters,"Whitehaven Beach, 1nm south of Hill Inlet",Bilge,Unknown
21/11/2014,Cairns,Unknown,N/A,Port Limits,"H Finger, Marlin Marina, Cairns",Diesel,Unknown
23/11/2014,Brisbane,Ship,Recreational,Coastal Waters,"Peel Island, South West Rocks, Moreton Bay",Diesel,Unknown
28/11/2014,Gladstone,Ship,Commercial,Port Limits,"Fishermans Landing, Gladstone Harbour, Gladstone",Grease ,100
7/01/2015,Cairns,Ship,Recreational,Port Limits,"150m from Horn Island Passenger Wharf, Torres Strait",Diesel,Unknown
8/01/2015,Brisbane,Ship,Recreational,Coastal Waters,"Hope Island Resort Marina, Hope Island, Gold Coast",Diesel,5
24/01/2015,Gladstone,Unknown,N/A,GBRMP,Capricorn Channel,Unknown,Unknown
25/02/2015,Cairns,Land,N/A,Port Limits,"Commercial Fish base number 2, Trinity Inlet, Cairns",Sheen,Unknown
11/03/2015,Brisbane,Unknown,N/A,Coastal Waters,"Rivage Royale Marina, Southport",Sheen,Unknown
14/03/2015,Cairns,Ship,Commercial,Port Limits,"Main wharf, Thursday Island, Port Kennedy, Torres Strait",Diesel,2
15/03/2015,Cairns,Land,N/A,Port Limits,"Engineers Wharf, Port Kennedy, Thursday Island, Torres Strait",Diesel,Unknown
27/03/2015,Cairns,Ship,Fishing,Port Limits,"Norship BR1, Smith's Creek, Cairns",Diesel,Unknown
27/03/2015,Brisbane,Ship,Recreational,Coastal Waters,"Dockside Marine, Kangaroo Point, Brisbane",Sheen,Unknown
28/03/2015,Mackay,Unknown,N/A,Port Limits,"Hay Point Berth Number 1, Hay Point",Sheen,Unknown
30/03/2015,Cairns,Unknown,N/A,Port Limits,"Commercial Fishing Base 1, Smiths Creek, Cairns",Diesel,Unknown
3/04/2015,Brisbane,Ship,Recreational,Coastal Waters,"Marine Stadium, Broadwater, Gold Coast",Diesel,Unknown
24/04/2015,Townsville,Ship,Commercial,Port Limits,"Ross River, Townsville",Diesel,Unknown
11/05/2015,Brisbane,Land,N/A,Port Limits,"Graincorp Liquid Terminal, Brisbane River",Diesel,1000
19/05/2015,Brisbane,Land,N/A,Coastal Waters,"Mooloolaba Yacht club, Mooloolaba",Bitumen Spray,Unknown
8/06/2015,Gladstone,Unknown,N/A,Port Limits,"Gladstone Marina, Gladstone",Diesel,Unknown
4/07/2015,Townsville,Ship,Commercial,Port Limits,"Townsville Harbour, Townsville",Diesel,10
15/07/2015,Cairns,Unknown,N/A,Port Limits,"Tropical Reef Shipyard,  Trinity Inlet,  Cairns",Sheen,N/A
17/07/2015,Townsville,Ship,Unknown,Territorial Sea,20nm North of Cape Upstart,Heavy Fuel Oil,"> 10,000"
21/07/2015,Townsville,Unknown,N/A,Port Limits,"Boat Ramp Number 2, Ross Creek, Townsville",Sheen,N/A
24/07/2015,Cairns,Unknown,N/A,Port Limits,"RaptIs Wharf, Norman River, Karumba",Unknown,Unknown
29/07/2015,Cairns,Ship,Commercial,Port Limits,"RaptIs Wharf, Norman River, Karumba",Diesel,10
31/07/2015,Gladstone,Ship,Commercial,Port Limits,"Port Alma Public Boat Ramp, Port Alma",Sheen,Unknown
7/08/2015,Cairns,Unknown,N/A,Coastal Waters,"Googarra Beach, Tully Heads",Unknown,Unknown
14/08/2015,Mackay,Ship,Commercial,Port Limits,"Mackay Marina, Mackay",Bilge,2
17/08/2015,Brisbane,Ship,Recreational,Coastal Waters,"Southport Yacht club, Gold Coast Broadwater, Gold Coast",Diesel,Unknown
20/08/2015,Brisbane,Unknown,N/A,Coastal Waters,"Karragarra Ws near Karragarra Island, Southern Moreton Bay, Gold Coast",Sheen,Unknown
20/08/2015,Cairns,Unknown,N/A,Port Limits,2nm West South West of Green Island off Cairns,Diesel,Unknown
20/08/2015,Gladstone,Ship,Commercial,Port Limits,"Fishermans Landing Wharf, Gladstone Harbour, Gladstone",Hydraulic oil,1
24/08/2015,Cairns,Ship,Recreational,Coastal Waters,"Chapman Island Anchorage, Chapman Island, 4nm SE of Cape Direction ",Sheen,Unknown
25/08/2015,Brisbane,Land,N/A,Coastal Waters,"Coomera River, M1 bridge, Gold Coast",Diesel,1
25/08/2015,Mackay,Ship,Commercial,Coastal Waters,"Western Finger, Shute Harbour",Bilge,Unknown
22/09/2015,Townsville,Unknown,N/A,Port Limits,"Berth 10, Townsville Harbour, Townsville",Hydraulic oil,20
7/10/2015,Gladstone,Ship,Recreational,Port Limits,"G Finger, Gladstone Marina, Gladstone",Diesel,1
7/10/2015,Townsville,Land,N/A,Port Limits,"Storm Water Drain, Berth 1, Townsville Harbour, Townsville",Sheen,Unknown
11/10/2015,Townsville,Ship,Recreational,Port Limits,"D18, D Arm, Magnetic Island Marina, Magnetic Island",Diesel,Unknown
4/11/2015,Cairns,Ship,Defence,Port Limits,"Navy Base, Cairns Harbour, Cairns",Diesel,250mil
10/11/2015,Townsville,Ship,Commercial,Port Limits,"Magnetic Island Marina, Magnetic Island",Diesel,2
28/11/2015,Cairns,Unknown,N/A,Port Limits,"Lorim Point Wharf, Weipa",Diesel,50
30/11/2015,Cairns,Ship,Commercial,Port Limits,"Trinity Wharf, Cairns",Diesel,5
3/12/2015,Brisbane,Ship,Recreational,Coastal Waters,"Columbus Drive Canal, Hollywell, Gold Coast",Bilge,15
14/12/2015,Cairns,Unknown,N/A,Coastal Waters,"Johnstone River near Banana Island, Innisfail",Diesel,Unknown
17/12/2015,Townsville,Ship,Commercial,Port Limits,"CUF Berth, Ross Haven Marina, Ross River, Townsville",Diesel,600
22/12/2015,Cairns,Ship,Commercial,Coastal Waters,"Mouth of Bloomfield River, Cape York",Diesel,Sheen
31/12/2015,Brisbane,Ship,Recreational,Coastal Waters,"Sanctuary Cove Marina, Hope Island, Gold Coast",Diesel,200
3/01/2016,Mackay,Ship,Recreational,Coastal Waters,"Whitsunday Sailing Club, Rock Wall, Airlie Beach",Other,
5/01/2016,Townsville,Ship,Recreational,Port Limits,"Ross Creek, Townsville",Diesel,60
9/01/2016,Mackay,Ship,Recreational,Coastal Waters,"Shute Harbour Mooring Grid, Shute Harbour",Sheen,Unknown
22/01/2016,Brisbane,Unknown,N/A,Coastal Waters,"Queensland Cruising Yacht Club, Cabbage Tree Creek, Sandgate",Diesel,Unknown
2/02/2016,Brisbane,Land,N/A,Coastal Waters,"Nerang River at Pacific Motorway Road Bridge, Nerang",Diesel,100
2/02/2016,Mackay,Land,N/A,Port Limits,"Fuel Pontoon, Mackay Marina,  Mackay",ULP,70
16/02/2016,Brisbane,Unknown,N/A,Coastal Waters,"Mooloola River, Opposite Pilot Station, Mooloolaba",Diesel,Unknown
18/02/2016,Cairns,Ship,Commercial,Port Limits,"Main Wharf, Thursday Island, Torres Strait",Diesel,10
26/02/2016,Gladstone,Unknown,N/A,Port Limits,"Sea Link Berths, Gladstone Marina, Gladstone",Bilge,Unknown
28/02/2016,Townsville,Unknown,N/A,Port Limits,"D Finger Breakwater Marina, Townsville",Diesel,Unknown
4/04/2016,Gladstone,Land,N/A,Port Limits,"Service Wharf, Gladstone Marina, Gladstone",Diesel,11
5/04/2016,Brisbane,Ship,Trading ship,Port Limits,"Berth 4, Fisherman Islands, Brisbane River, Brisbane",Diesel,Unknown
5/04/2016,Townsville,Land,N/A,Port Limits,"Port of Townsville, Townsville",Other (Molasses),Unknown
7/04/2016,Brisbane,Ship,Recreational,Coastal Waters,"South West corner of Wave Break Island, Gold Coast",Diesel,15
7/04/2016,Cairns,Unknown,N/A,Port Limits,"Karumba Boat Ramp, Karumba",Diesel,20
8/04/2016,Gladstone,Unknown,N/A,Port Limits,"Gladstone Marina, Gladstone",Diesel,Unknown
20/04/2016,Brisbane,Ship,Recreational,Coastal Waters,"Main Channel, Horizon Shores Marina, Gold Coast",Other (Hydraulic oil),Unknown
30/04/2016,Brisbane,Ship,Recreational,Coastal Waters,"Mooloolaba Boat Harbour, Mooloolaba",Sheen,Unknown
3/05/2016,Townsville,Ship,Recreational,Port Limits,"Berth 7 Townsville Yacht Club, Townsville",Diesel,100
11/05/2016,Gladstone,Ship,Commercial,Coastal Waters,Approximately 10nm East of Round Hill Head,Other,Unknown
11/05/2016,Gladstone,Ship,Commercial,Port Limits,"Pelican Bay, Great Sandy Straits",Diesel,Unknown
28/05/2016,Gladstone,Ship,Commercial,Port Limits,"Australia Pacific LNG Terminal, Curtis Island, Gladstone",Other (Hydraulic oil),10
29/05/2016,Townsville,Ship,Fishing,Port Limits,"Outer Harbour, Bowen",Diesel,Unknown
30/05/2016,Mackay,Ship,Recreational,Coastal Waters,"F Arm, Port of Airlie, Airlie Beach",Sheen,Unknown
4/06/2016,Brisbane,Ship,Commercial,Coastal Waters,"Carters Basin, Gold Coast Broadwater",Diesel,Unknown
8/06/2016,Cairns,Land,N/A,Port Limits,"Main Wharf, Thursday Island, Torres Strait",Diesel,5
8/06/2016,Townsville,Ship,Unknown,Port Limits,"Townsville Harbour, Townsville",Other (Grease),Unknown
20/06/2016,Brisbane,Land,N/A,Port Limits,"Boggy Creek, Brisbane",Other (Slop Oil),Unknown
22/06/2016,Cairns,Ship,Commercial,Port Limits,"Lorim Point Tug Berth, Weipa",Sheen,Unknown
